AER,KZN,0.667554408910309
ASF,KZN,0.6156603562874068
ASF,MRV,0.5498929626423537
CEK,KZN,0.5859029154458248
CEK,OVB,0.39924012462150293
DME,KZN,0.20478713358183917
DME,NBC,0.5994910005806229
DME,TGK,0.6017538898196294
DME,UUA,0.6060698611661917
EGO,KGD,0.6305799657404458
EGO,KZN,0.6123128760943556
GYD,NBC,0.6872657902654904
KGD,EGO,0.6305799657404458
KZN,AER,0.667554408910309
KZN,ASF,0.6156603562874068
KZN,CEK,0.5859029154458248
KZN,DME,0.20478713358183917
KZN,EGO,0.6123128760943556
KZN,LED,0.30230936570171796
KZN,SVX,0.5806629389536037
LED,KZN,0.30230936570171796
LED,NBC,0.65304517104806
LED,UUA,0.6631918721558423
MRV,ASF,0.5498929626423537
NBC,DME,0.5994910005806229
NBC,GYD,0.6872657902654904
NBC,LED,0.65304517104806
NBC,SVX,0.5618385038261569
NJC,SVX,0.3628709346093114
NJC,UUA,0.4235611834040245
NUX,SVX,0.3975841754365771
OVB,CEK,0.39924012462150293
OVB,SVX,0.2527702291013189
SVX,KZN,0.5806629389536037
SVX,NBC,0.5618385038261569
SVX,NJC,0.3628709346093114
SVX,NUX,0.3975841754365771
SVX,OVB,0.2527702291013189
TGK,DME,0.6017538898196294
UUA,DME,0.6060698611661917
UUA,LED,0.6631918721558423
UUA,NJC,0.4235611834040245
BTK,IKT,0.554332364758696
BTK,OVB,0.6337125817531334
HTA,IKT,0.31784415629072094
IKT,BTK,0.554332364758696
IKT,HTA,0.31784415629072094
IKT,KCK,0.5729031610389621
IKT,ODO,0.3482437759483271
IKT,OVB,0.3292762699092325
IKT,UKX,0.3075643256987706
IKT,ULK,0.292983478913972
IKT,YKS,0.37391331600870814
KCK,IKT,0.5729031610389621
MJZ,OVB,0.46931870251336405
ODO,IKT,0.3482437759483271
OVB,BTK,0.6337125817531334
OVB,IKT,0.3292762699092325
UKX,IKT,0.3075643256987706
ULK,IKT,0.292983478913972
YKS,IKT,0.37391331600870814
AYP,LIM,0.28779092795798605
CUZ,LIM,0.190150341771558
CUZ,PEM,0.28456908280456883
HUU,LIM,0.27856176710082087
IQT,PCL,0.30854476311424756
IQT,TPP,0.30044914021856706
LIM,AYP,0.28779092795798605
LIM,CUZ,0.16515034177155802
LIM,HUU,0.27856176710082087
LIM,PCL,0.22108653969406875
LIM,TPP,0.23502061398163032
PCL,IQT,0.30854476311424756
PCL,LIM,0.22108653969406875
PCL,TPP,0.5318488078171335
PEM,CUZ,0.28456908280456883
TPP,IQT,0.30044914021856706
TPP,LIM,0.23502061398163032
TPP,PCL,0.5318488078171335
ABJ,BOY,0.5726561526917348
ABJ,OUA,0.16343350416679417
ACC,OUA,0.5845396078163398
BKO,ABJ,0.2686525536583457
BKO,DKR,0.21784433820572108
BKO,OUA,0.24446257432736618
BOY,ABJ,0.5726561526917348
BOY,OUA,0.5371514459770921
COO,LFW,0.1807567679904245
COO,OUA,0.587690471879182
DKR,BKO,0.21784433820572108
DKR,OUA,0.6943402353617926
LFW,OUA,0.33319994867052916
NIM,OUA,0.10917321390103155
OUA,ABJ,0.16343350416679417
OUA,ACC,0.5845396078163398
OUA,BKO,0.24446257432736618
OUA,BOY,0.5371514459770921
OUA,COO,0.587690471879182
OUA,DKR,0.6943402353617926
OUA,LFW,0.33319994867052916
OUA,NIM,0.11810178532960297
BOG,GYE,0.36012727640981795
BOG,UIO,0.20392484795023885
CLO,GYE,0.3323400457992832
GYE,BOG,0.36012727640981795
GYE,CLO,0.3323400457992832
GYE,SCY,0.24632204664785018
GYE,UIO,0.13125858927769185
OCC,UIO,0.2674424342391948
SCY,GYE,0.24632204664785018
UIO,BOG,0.20392484795023885
UIO,GYE,0.09375858927769185
UIO,OCC,0.2674424342391948
BDS,ZRH,0.28508799688792164
BOD,ZRH,0.5858689320098242
BRS,ZRH,0.6027773859134258
GVA,LPA,0.8079139743537828
LCA,ZRH,0.44540378420072524
LPA,ZRH,0.5001898178127078
RMF,ZRH,0.5374961129058149
TFS,GVA,0.5647585410496299
ZRH,BDS,0.28508799688792164
ZRH,BOD,0.5858689320098242
ZRH,BRS,0.6027773859134258
ZRH,LCA,0.44540378420072524
ZRH,LPA,0.5001898178127078
ZRH,RMF,0.5374961129058149
AJR,LYC,0.26324282651076286
ARN,GEV,0.344008104704318
ARN,HAD,0.549510805364726
ARN,JKG,0.5341151587424868
ARN,KRF,0.2920660720000888
ARN,KSD,0.5288979261727467
ARN,LYC,0.31080717071453373
ARN,MHQ,0.5136213371976871
ARN,OER,0.5469390917611501
ARN,POR,0.532574849470235
ARN,TRF,0.5486359397846114
ARN,VBY,0.274772096600779
ARN,VHM,0.3113348875263645
ARN,VXO,0.5395858766674017
GEV,ARN,0.344008104704318
GEV,KRF,0.3030182869842346
HAD,ARN,0.549510805364726
HAD,JKG,0.5156316979874837
HAD,VXO,0.26327805517958275
HMV,VHM,0.2677204514809493
JKG,ARN,0.5341151587424868
JKG,HAD,0.5156316979874837
KOK,POR,0.5290112916586769
KRF,ARN,0.2920660720000888
KRF,GEV,0.3030182869842346
KSD,ARN,0.5288979261727467
LYC,AJR,0.26324282651076286
LYC,ARN,0.31080717071453373
MHQ,ARN,0.5136213371976871
MHQ,TKU,0.5153076466278284
OER,ARN,0.5469390917611501
OSL,VXO,0.5461084869909961
POR,ARN,0.532574849470235
POR,KOK,0.5290112916586769
TKU,MHQ,0.5153076466278284
TRF,ARN,0.5486359397846114
VBY,ARN,0.274772096600779
VHM,ARN,0.3113348875263645
VHM,HMV,0.2677204514809493
VXO,ARN,0.28958587666740165
VXO,OSL,0.5461084869909961
ADQ,KLN,0.5101998050986819
KLN,KYK,0.5031647705640425
BSO,MNL,0.32395088435999225
BXU,MNL,0.253726312312765
CBO,MNL,0.26487885503963154
CGY,MNL,0.250244427963229
CRM,MNL,0.2999992405639507
DGT,MNL,0.2359976081057809
DWC,MNL,0.7250027923124933
GES,MNL,0.2817452842788635
KLO,MNL,0.12175700766110753
LGP,MNL,0.20326513855595538
MNL,BSO,0.32395088435999225
MNL,BXU,0.253726312312765
MNL,CBO,0.26487885503963154
MNL,CGY,0.250244427963229
MNL,CRM,0.2999992405639507
MNL,DGT,0.2359976081057809
MNL,DWC,0.7250027923124933
MNL,GES,0.2817452842788635
MNL,KLO,0.12175700766110753
MNL,LGP,0.20326513855595538
MNL,MPH,0.20036418663159633
MNL,OZC,0.2516574542115019
MNL,PPS,0.16465131145805723
MNL,RXS,0.20809013302672785
MNL,SUG,0.32950884264089314
MNL,TUG,0.2061314074569377
MNL,ZAM,0.26075596317139926
MPH,MNL,0.20036418663159633
OZC,MNL,0.2516574542115019
PPS,MNL,0.16465131145805723
RXS,MNL,0.20809013302672785
SUG,MNL,0.32950884264089314
TUG,MNL,0.2061314074569377
ZAM,MNL,0.26075596317139926
AUX,PMW,0.2876756295849302
BRA,BSB,0.22491199470381412
BRA,SSA,0.24806354828157962
BSB,BRA,0.22491199470381412
BSB,OPS,0.6042560140782268
BSB,RAO,0.3148011721141666
CAC,GRU,0.5816117021402435
CGB,GYN,0.24949490020352338
CGB,OPS,0.2967555379536132
CGR,DOU,0.5215226787586645
DOU,CGR,0.5215226787586645
DOU,GRU,0.5975974235381382
GIG,RAO,0.5558687262674489
GRU,CAC,0.5816117021402435
GRU,DOU,0.5975974235381382
GRU,RAO,0.1986511375878574
GRU,UBA,0.5483167273999413
GRU,UDI,0.22620169726008021
GRU,VDC,0.6241218980562248
GYN,CGB,0.24949490020352338
GYN,PMW,0.3286315204213607
GYN,RAO,0.30791983417290053
GYN,UDI,0.28007069973611387
OPS,BSB,0.6042560140782268
OPS,CGB,0.2967555379536132
PLU,RAO,0.2970785647107112
PMW,AUX,0.2876756295849302
PMW,GYN,0.3286315204213607
RAO,BSB,0.3148011721141666
RAO,GIG,0.5558687262674489
RAO,GRU,0.1986511375878574
RAO,GYN,0.30791983417290053
RAO,PLU,0.2970785647107112
RAO,SJP,0.18590429892370067
RAO,UDI,0.5281968103569217
SJP,RAO,0.18590429892370067
SSA,BRA,0.24806354828157962
SSA,VDC,0.20549920386279164
UBA,GRU,0.5483167273999413
UBA,UDI,0.5112518209509516
UDI,GRU,0.22620169726008021
UDI,GYN,0.28007069973611387
UDI,RAO,0.5281968103569217
UDI,UBA,0.5112518209509516
VDC,GRU,0.6241218980562248
VDC,SSA,0.20549920386279164
BRL,ORD,0.5333684559624035
BRL,STL,0.526108986601475
DEC,ORD,0.5279420800689294
DEC,STL,0.5196808008028678
JBR,STL,0.5360737170528208
ORD,BRL,0.5333684559624035
ORD,DEC,0.5279420800689294
STL,BRL,0.526108986601475
STL,DEC,0.5196808008028678
STL,JBR,0.5360737170528208
KTN,MTM,0.1696064547553159
MTM,KTN,0.1696064547553159
ACC,DKR,0.40536859470091013
ACC,LOS,0.16953137766412923
ACC,ROB,0.2506738059039143
BCN,BJL,0.5658390729811023
BJL,BCN,0.5658390729811023
BJL,DKR,0.14495173537155373
BJL,FNA,0.3216142434153251
CKY,OXB,0.2877784845530069
DKR,ACC,0.40536859470091013
DKR,BJL,0.14495173537155373
DKR,DLA,0.8567611752332558
DKR,FNA,0.3414787558970661
DKR,LOS,0.7718988334334599
DKR,OXB,0.29137211313269956
DLA,DKR,0.8567611752332558
DLA,LOS,0.33489537005901954
FNA,BJL,0.3216142434153251
FNA,DKR,0.3414787558970661
FNA,LGW,0.9750019578262843
FNA,ROB,0.1168674870834704
LGW,FNA,0.9750019578262843
LOS,ACC,0.14453137766412927
LOS,DKR,0.7718988334334599
LOS,DLA,0.33489537005901954
LOS,ROB,0.6682465350634615
OXB,CKY,0.2877784845530069
OXB,DKR,0.29137211313269956
ROB,ACC,0.2506738059039143
ROB,FNA,0.1287722489882323
ROB,LOS,0.6682465350634615
AKV,YIK,0.5198390336041478
AKV,YPX,0.5108715691428911
XGR,YVP,0.5175491391766383
YGL,YGW,0.520493780981632
YGL,YPX,0.579549774221279
YGL,YUL,0.6056501011070667
YGW,YGL,0.520493780981632
YGW,YPH,0.5395263908417242
YGW,YSK,0.5186365451228331
YGW,YUD,0.5177708160495459
YGW,YUL,0.6253114674735885
YGW,YUY,0.5878562288619888
YIK,AKV,0.5198390336041478
YIK,YZG,0.5133464232518753
YKG,YPJ,0.509382232350445
YKG,YQC,0.5128304306871342
YKG,YVP,0.5259165222144973
YKL,YQB,0.605320297276524
YKL,YVP,0.5422000066657386
YKL,YWK,0.27329589246188923
YKL,YZV,0.55679794740283
YPH,YPX,0.5201715356211741
YPH,YUD,0.5261054229068447
YPH,YVP,0.563017776886706
YPJ,YKG,0.509382232350445
YPJ,YTQ,0.508109696500551
YPJ,YVP,0.5166693301391674
YPX,AKV,0.5108715691428911
YPX,YGL,0.579549774221279
YPX,YPH,0.5201715356211741
YPX,YVP,0.5613635971279569
YQB,YKL,0.605320297276524
YQB,YUL,0.15092654112648382
YQC,YKG,0.5128304306871342
YQC,YWB,0.5153076324966864
YSK,YGW,0.5186365451228331
YSK,YUD,0.5186503742156577
YTQ,YPJ,0.508109696500551
YTQ,YVP,0.5121990523657222
YUD,YGW,0.5177708160495459
YUD,YPH,0.5261054229068447
YUD,YSK,0.5186503742156577
YUL,YGL,0.6056501011070667
YUL,YGW,0.6253114674735885
YUL,YQB,0.15092654112648382
YUL,YUY,0.30481181979733296
YUY,YGW,0.5878562288619888
YUY,YUL,0.30481181979733296
YVP,XGR,0.5175491391766383
YVP,YGW,0.572404183830455
YVP,YKG,0.5259165222144973
YVP,YKL,0.5422000066657386
YVP,YPH,0.563017776886706
YVP,YPJ,0.5166693301391674
YVP,YPX,0.5613635971279569
YVP,YTQ,0.5121990523657222
YWB,YQC,0.5153076324966864
YWB,YZG,0.5230328207742991
YWK,YKL,0.27329589246188923
YWK,YZV,0.1336775105643397
YZG,YIK,0.5133464232518753
YZG,YWB,0.5230328207742991
YZV,YKL,0.55679794740283
YZV,YWK,0.1336775105643397
JIB,DXB,0.34592279932200953
JIB,JED,0.6332954188990332
JIB,MGQ,0.24506003107448632
MGQ,NBO,0.6113987612589882
NBO,MGQ,0.27806542792565486
BKK,SIN,0.20665361844896546
DRW,SIN,0.49593270081660673
HAK,SIN,0.40811554248595766
HGH,SIN,0.9042267605286438
HKG,SIN,0.3464389194626007
HKT,SIN,0.19194613547707678
KIX,MNL,0.45878294803031716
KIX,TPE,0.25172744016826165
KUL,SIN,0.08302960284128666
MNL,KIX,0.45878294803031716
MNL,SIN,0.3635339890742595
PEN,SIN,0.15009775746693815
PER,SIN,0.4883408787380671
PNH,SIN,0.22572614884393913
REP,SIN,0.27322222169399696
RGN,SIN,0.29713533260376024
SGN,SIN,0.2208428453979931
SIN,BKK,0.212209174004521
SIN,DRW,0.49593270081660673
SIN,HAK,0.40811554248595766
SIN,HGH,0.9042267605286438
SIN,HKG,0.3464389194626007
SIN,HKT,0.19194613547707678
SIN,KUL,0.08302960284128666
SIN,MNL,0.3635339890742595
SIN,PEN,0.15009775746693815
SIN,PER,0.4883408787380671
SIN,PNH,0.2507261488439391
SIN,REP,0.27322222169399696
SIN,RGN,0.29713533260376024
SIN,SGN,0.2208428453979931
SIN,SWA,0.8114376517571884
SIN,TPE,0.42844600718244974
SWA,SIN,0.8114376517571884
TPE,KIX,0.25172744016826165
TPE,SIN,0.42844600718244974
ACH,EBA,0.5586419183325634
DRS,ZRH,0.5618795067183171
DUS,FDH,0.5498670177304186
EBA,ACH,0.5586419183325634
EBA,FDH,0.5609742413221512
EBA,MUC,0.5703621813453292
EBA,ZRH,0.5599371828862059
FDH,DUS,0.5498670177304186
FDH,EBA,0.5609742413221512
FDH,HAM,0.5737501718207667
FDH,OLB,0.5836174102943799
FDH,TXL,0.5674357220279364
FDH,ZAD,0.5668141698335782
FMM,NAP,0.5947015347836376
GRZ,ZRH,0.5582555827359452
HAM,FDH,0.5737501718207667
MUC,EBA,0.5703621813453292
NAP,FMM,0.5947015347836376
OLB,FDH,0.5836174102943799
SZG,ZRH,0.5374201910386674
TXL,FDH,0.5674357220279364
ZAD,FDH,0.5668141698335782
ZRH,DRS,0.5618795067183171
ZRH,EBA,0.5599371828862059
ZRH,GRZ,0.5582555827359452
ZRH,SZG,0.5374201910386674
ATL,LWB,0.5659226974123215
ATL,MCN,0.5141585220768248
ATL,MEI,0.5476885969467902
ATL,MSL,0.5353368590341737
ATL,PIB,0.5577753216910875
ATL,TUP,0.5452633653398498
BIM,FLL,0.26090022193035556
ELH,FLL,0.2893580272884068
ELH,PBI,0.2907412778202543
EYW,FLL,0.2759150424650185
EYW,RSW,0.2743731183312324
EYW,TPA,0.1679600195158859
FLL,BIM,0.26090022193035556
FLL,ELH,0.2893580272884068
FLL,EYW,0.2759150424650185
FLL,FPO,0.18390402790723206
FLL,GGT,0.30709060506759656
FLL,GHB,0.2937156557388363
FLL,MCO,0.1983498282868338
FLL,MHH,0.2011489586599645
FLL,TCB,0.28171079285139433
FLL,TPA,0.1351801841297789
FPO,FLL,0.18390402790723206
GGT,FLL,0.30709060506759656
GGT,GHB,0.2718001627632736
GHB,FLL,0.2937156557388363
GLH,TUP,0.5247470007391525
GNV,MCO,0.26869681409076235
GNV,TPA,0.2713043232923308
JAX,MHH,0.3200837197241351
JAX,TPA,0.2823335459694549
LWB,ATL,0.5659226974123215
MCN,ATL,0.5141585220768248
MCN,MCO,0.5581352232743225
MCO,FLL,0.1983498282868338
MCO,GNV,0.26869681409076235
MCO,MCN,0.5581352232743225
MCO,MHH,0.30206237147032194
MCO,PNS,0.3181613931936057
MCO,RSW,0.273819063712949
MCO,TLH,0.2907697900395187
MEI,ATL,0.5476885969467902
MHH,FLL,0.2011489586599645
MHH,JAX,0.3200837197241351
MHH,MCO,0.30206237147032194
MHH,PBI,0.2000687422607146
MSL,ATL,0.5353368590341737
PBI,ELH,0.2907412778202543
PBI,MHH,0.2000687422607146
PBI,TPA,0.2811693873027038
PIB,ATL,0.5577753216910875
PNS,MCO,0.3181613931936057
PNS,TPA,0.308927252870254
RSW,EYW,0.2743731183312324
RSW,MCO,0.273819063712949
TCB,FLL,0.28171079285139433
TLH,MCO,0.2907697900395187
TLH,TPA,0.2857000062472324
TPA,EYW,0.1679600195158859
TPA,FLL,0.1351801841297789
TPA,GNV,0.2713043232923308
TPA,JAX,0.2823335459694549
TPA,PBI,0.2811693873027038
TPA,PNS,0.308927252870254
TPA,TLH,0.2857000062472324
TUP,ATL,0.5452633653398498
TUP,GLH,0.5247470007391525
AMS,NDR,0.4746163602364522
AMS,TNG,0.47518600127984334
BCN,CMN,0.26130135747155125
BCN,NDR,0.21730085069657934
BCN,TNG,0.22847032031186565
BGY,CMN,0.7234824004132814
BLQ,CMN,0.4771795801313016
BRU,CMN,0.4091075760247015
BRU,NDR,0.4576300384380034
BRU,TNG,0.45899249415707033
CGN,NDR,0.4661299718768087
CMN,BCN,0.26130135747155125
CMN,BGY,0.7234824004132814
CMN,BLQ,0.4771795801313016
CMN,BRU,0.4091075760247015
CMN,CUF,0.700577119291947
CMN,LGW,0.47941004551673705
CMN,LYS,0.3608035884087051
CMN,MPL,0.6681970126151906
CMN,SAW,0.87297553347582
CMN,TLS,0.3199205873139388
CMN,TSF,0.7411079223485917
CUF,CMN,0.700577119291947
FEZ,MPL,0.6468488074335033
LGW,CMN,0.47941004551673705
LGW,TNG,0.6970623336997601
LYS,CMN,0.3608035884087051
MPL,CMN,0.6681970126151906
MPL,FEZ,0.6468488074335033
MPL,NDR,0.6252438126031165
NDR,AMS,0.4746163602364522
NDR,BCN,0.21730085069657934
NDR,BRU,0.4576300384380034
NDR,CGN,0.4661299718768087
NDR,MPL,0.6252438126031165
NDR,PMI,0.579940315732523
PMI,NDR,0.579940315732523
SAW,CMN,0.87297553347582
TLS,CMN,0.3199205873139388
TNG,AMS,0.47518600127984334
TNG,BCN,0.22847032031186565
TNG,BRU,0.45899249415707033
TNG,LGW,0.6970623336997601
TSF,CMN,0.7411079223485917
AUA,LSP,0.5090096306755696
AUA,MAR,0.2816436007809663
BON,CUR,0.13339020147225206
CUR,AUA,0.17998664250021873
LSP,AUA,0.5090096306755696
MAR,AUA,0.2816436007809663
ASF,DME,0.3874301342304093
ASF,LED,0.7117068488327353
BHK,DME,0.4577551417389648
DME,ASF,0.3874301342304093
DME,BHK,0.4577551417389648
DME,EGO,0.226395265721545
DME,FEG,0.5820354866632097
DME,KSQ,0.5588131411573103
DME,NMA,0.5753213670038745
DME,NVI,0.45873114368940604
DME,SKD,0.557226310264876
DME,TIV,0.32267524606870956
EGO,DME,0.226395265721545
FEG,DME,0.5820354866632097
KSQ,DME,0.5588131411573103
LED,ASF,0.7117068488327353
NMA,DME,0.5753213670038745
NVI,DME,0.45873114368940604
SKD,DME,0.557226310264876
TIV,DME,0.32267524606870956
ANU,PTP,0.26115206226553617
CAY,FDF,0.4096751829854182
CUR,SDQ,0.24386028236231874
DOM,PTP,0.17591901533339038
DOM,SXM,0.16240905251873622
FDF,CAY,0.4096751829854182
FDF,PTP,0.14652872802158357
FDF,SDQ,0.3630827347925729
FDF,SLU,0.13201824977915746
PTP,ANU,0.26115206226553617
PTP,DOM,0.17591901533339038
PTP,FDF,0.12152872802158357
PTP,SBH,0.2754343087445677
PTP,SDQ,0.2663673858298405
PTP,SFG,0.19547218469296287
PTP,SXM,0.5287118214422022
SBH,PTP,0.2754343087445677
SDQ,PTP,0.2663673858298405
SDQ,SXM,0.2439003517089114
SFG,PTP,0.19547218469296287
SLU,FDF,0.10701824977915748
SXM,DOM,0.13740905251873622
SXM,PTP,0.5287118214422022
SXM,SDQ,0.2439003517089114
BHY,XIY,0.6590491989492158
CAN,CKG,0.1696803387577157
CAN,CTU,0.21911847881612
CAN,SPN,0.891264641680119
CGO,CGQ,0.3293316444589688
CGO,CKG,0.17918266265890986
CGO,CTU,0.21403090588920815
CGO,HGH,0.13683590652538696
CGO,HRB,0.2515448455797939
CGO,KMG,0.2361100211000434
CGO,URC,0.3322176128248423
CGQ,CGO,0.3293316444589688
CGQ,NKG,0.26504377600169976
CGQ,TNA,0.21875933261157174
CGQ,TSN,0.34783551164160353
CKG,CAN,0.1696803387577157
CKG,CGO,0.17918266265890986
CKG,CSX,0.157018271867921
CKG,CTU,0.5307282185212513
CKG,CZX,0.3921759476259773
CKG,DLC,0.6897927396229581
CKG,DYG,0.29168281250345535
CKG,HAK,0.22780042250817556
CKG,HGH,0.2312742985872091
CKG,HKT,0.5327863554272254
CKG,KHN,0.22547347971498358
CKG,KMG,0.12551555078597007
CKG,LHW,0.256070040880252
CKG,LJG,0.15058396470334118
CKG,LXA,0.23191132135268688
CKG,NGB,0.32580330219772147
CKG,NKG,0.23232540840230864
CKG,NNG,0.21416745037698043
CKG,PEK,0.2459076047575281
CKG,PVG,0.2340974447624093
CKG,PZI,0.5657736998197559
CKG,SWA,0.6328216999800186
CKG,SYD,0.9750034053151241
CKG,SYX,0.24392697999320634
CKG,SZX,0.2013207811572518
CKG,TNA,0.24024511199828572
CKG,TSA,0.42339856429191025
CKG,TSN,0.23053806393611684
CKG,TYN,0.2831647152733726
CKG,URC,0.34043397940416886
CKG,WUH,0.16527954081171212
CKG,WUX,0.27341424334779346
CKG,XIY,0.11231041946418127
CKG,XNN,0.16789977787406402
CKG,YIH,0.2194736320233721
CKG,ZHA,0.6125956682805895
CSX,CKG,0.157018271867921
CSX,CTU,0.18755467276328008
CSX,FOC,0.15956467340663882
CSX,KMG,0.18246879765030416
CSX,SHE,0.6954909424468093
CSX,WNZ,0.20842769745188122
CSX,XMN,0.13302566955590667
CTU,CAN,0.21911847881612
CTU,CGO,0.21403090588920815
CTU,CKG,0.5307282185212513
CTU,CSX,0.18755467276328008
CTU,DCY,0.1695306950274536
CTU,DSN,0.6250762614300418
CTU,HAK,0.24983311355472074
CTU,HDG,0.6304925679284089
CTU,HET,0.3158820989198126
CTU,HFE,0.24209104956970764
CTU,HGH,0.23148286843103819
CTU,HKG,0.2334127238155611
CTU,HKT,0.7839165357509632
CTU,ICN,0.411973921858043
CTU,JHG,0.361656532262983
CTU,JIQ,0.553951005052346
CTU,JZH,0.09959333295189855
CTU,KHN,0.2551559376166701
CTU,KMG,0.12390137095054214
CTU,KOW,0.631604759972653
CTU,KWE,0.14195984562501046
CTU,LHW,0.19824060306210922
CTU,LJG,0.16261291722684054
CTU,LUM,0.5965078004971365
CTU,LXA,0.24063811072510097
CTU,LZY,0.2292605689773623
CTU,MEL,0.9750034896535269
CTU,NKG,0.25853007662672456
CTU,NNG,0.27533058559131923
CTU,PEK,0.2562611035753494
CTU,PVG,0.26112724514606234
CTU,PZI,0.22160653529468885
CTU,SHE,0.4040664740426368
CTU,SJW,0.31161917740233824
CTU,SYX,0.2630737834733713
CTU,SZX,0.21781451719112618
CTU,TAO,0.2833438118208433
CTU,TNA,0.21932031820171516
CTU,TSA,0.7040223998532813
CTU,TSN,0.2551533763013368
CTU,TYN,0.22524719788287806
CTU,URC,0.3302061201180163
CTU,WNZ,0.3103299470610542
CTU,WUH,0.1806657219009356
CTU,WUX,0.30003255755165115
CTU,WXN,0.5478326745165658
CTU,XIC,0.20380391443265855
CTU,XIY,0.13168327327931023
CTU,XMN,0.255575250303117
CTU,XNN,0.17589595225083693
CTU,XUZ,0.6485602468147308
CTU,YIH,0.5802809092881518
CTU,YTY,0.6679956538847805
CZX,CKG,0.3921759476259773
CZX,HRB,0.3467201228413057
CZX,XMN,0.34258576626995696
CZX,ZUH,0.6409338719686188
DAT,TYN,0.19636506242280588
DCY,CTU,0.1695306950274536
DLC,CKG,0.6897927396229581
DLC,HGH,0.1582670237637305
DLC,HRB,0.25944357322112305
DLC,TNA,0.13292643481806488
DLC,XUZ,0.5723144618711503
DNH,LHW,0.3466176979145621
DSN,CTU,0.6250762614300418
DSN,SHE,0.6307402354506609
DYG,CKG,0.29168281250345535
DYG,NKG,0.3455370359855975
FOC,CSX,0.15956467340663882
FOC,XIY,0.25672227025610395
GXH,LXA,0.6404623981168187
GXH,XIY,0.562376834240724
HAK,CKG,0.22780042250817556
HAK,CTU,0.24983311355472074
HAK,HGH,0.2402360487972881
HAK,NGB,0.4232433413819123
HAK,ZUH,0.20891810993927318
HDG,CTU,0.6304925679284089
HET,CTU,0.3158820989198126
HFE,CTU,0.26709104956970764
HGH,CGO,0.13683590652538696
HGH,CKG,0.2312742985872091
HGH,CTU,0.23148286843103819
HGH,DLC,0.1582670237637305
HGH,HAK,0.2402360487972881
HGH,KWE,0.23847738950915254
HGH,TSN,0.21403844799992783
HGH,TYN,0.22239873645754799
HKG,CTU,0.2334127238155611
HKG,YIH,0.6050487917241958
HKG,ZHA,0.5430382992632192
HKT,CKG,0.5327863554272254
HKT,CTU,0.7839165357509632
HRB,CGO,0.2515448455797939
HRB,CZX,0.3467201228413057
HRB,DLC,0.25944357322112305
HRB,NGB,0.4502810092503287
HRB,NKG,0.3519831428617789
HRB,NZH,0.5889541894128952
HRB,SJW,0.30619919543418317
HRB,TNA,0.20828568279679124
HRB,TSN,0.17670554490348966
HRB,WNZ,0.7247214696338256
HRB,WUH,0.7167775915787536
HRB,XIY,0.3149095293526262
HRB,XUZ,0.6646639930663688
ICN,CTU,0.411973921858043
JGN,LHW,0.2325158280620342
JHG,CTU,0.361656532262983
JHG,KMG,0.0956853527021348
JIQ,CTU,0.553951005052346
JJN,KWE,0.2998619774156338
JJN,WUH,0.2546062973163401
JZH,CTU,0.09959333295189855
KHG,URC,0.17421348633969938
KHN,CKG,0.22547347971498358
KHN,CTU,0.2551559376166701
KHN,KMG,0.27527808980157925
KHN,NGB,0.31116630083717434
KMG,CGO,0.2361100211000434
KMG,CKG,0.12551555078597007
KMG,CSX,0.18246879765030416
KMG,CTU,0.12390137095054214
KMG,JHG,0.0956853527021348
KMG,KHN,0.27527808980157925
KMG,KWE,0.11804557106348876
KMG,LUM,0.21683484188850694
KMG,NGB,0.4614061791222819
KMG,NKG,0.2539747379021928
KMG,TAO,0.39712658421925817
KMG,TNA,0.2925337944258201
KMG,TPE,0.45500074631365983
KMG,WXN,0.5924171452700399
KMG,XIY,0.19343756570166257
KMG,XMN,0.23327212801057623
KMG,XUZ,0.6919127331822517
KOW,CTU,0.631604759972653
KOW,XMN,0.5408189791287497
KWE,CTU,0.14195984562501046
KWE,HGH,0.23847738950915254
KWE,JJN,0.2998619774156338
KWE,KMG,0.11804557106348876
KWE,LHW,0.6273901342710797
KWE,SYX,0.23063125987864358
KWE,WNZ,0.32214991970601936
KWE,XUZ,0.3974638436602789
KWL,SJW,0.4181752831572395
KWL,SYX,0.5853825673062341
LHW,CKG,0.256070040880252
LHW,CTU,0.19824060306210922
LHW,DNH,0.3466176979145621
LHW,JGN,0.2325158280620342
LHW,KWE,0.6273901342710797
LHW,TSN,0.38793343984295037
LJG,CKG,0.15058396470334118
LJG,CTU,0.16261291722684054
LJG,MIG,0.576040425915904
LUM,CTU,0.5965078004971365
LUM,KMG,0.21683484188850694
LXA,CKG,0.23191132135268688
LXA,CTU,0.24063811072510097
LXA,GXH,0.6404623981168187
LXA,XIY,0.36434068326150537
LXA,XNN,0.39584126179034496
LYI,XIY,0.5985218471192723
LZY,CTU,0.2292605689773623
MEL,CTU,0.9750034896535269
MIG,LJG,0.576040425915904
MIG,NKG,0.6488695768023413
MIG,SYX,0.6697900877119758
MIG,XNN,0.5686738923429107
NGB,CKG,0.32580330219772147
NGB,HAK,0.4232433413819123
NGB,HRB,0.4502810092503287
NGB,KHN,0.31116630083717434
NGB,KMG,0.4614061791222819
NGB,SHE,0.6470335415291839
NGB,SYX,0.44632407653886497
NKG,CGQ,0.2483771093350331
NKG,CKG,0.23232540840230864
NKG,CTU,0.25853007662672456
NKG,DYG,0.3455370359855975
NKG,HRB,0.3519831428617789
NKG,KMG,0.2539747379021928
NKG,MIG,0.6488695768023413
NKG,SYX,0.3628902998440315
NNG,CKG,0.21416745037698043
NNG,CTU,0.27533058559131923
NNG,SGN,0.6460804376519939
NNG,WUH,0.19213925439548246
NZH,HRB,0.5889541894128952
PEK,CKG,0.2459076047575281
PEK,CTU,0.2562611035753494
PEK,WXN,0.6407320378014316
PEK,ZHY,0.6144474843564526
PVG,CKG,0.2340974447624093
PVG,CTU,0.26112724514606234
PVG,SPN,0.8348006309815406
PZI,CKG,0.5657736998197559
PZI,CTU,0.22160653529468885
SGN,NNG,0.6460804376519939
SHE,CSX,0.6954909424468093
SHE,CTU,0.4040664740426368
SHE,DSN,0.6307402354506609
SHE,NGB,0.6470335415291839
SHE,TYN,0.23894447162055735
SHE,XUZ,0.6099356571461862
SHE,YVR,0.9750032295164152
SJW,CTU,0.31161917740233824
SJW,HRB,0.30619919543418317
SJW,KWL,0.4181752831572395
SPN,CAN,0.891264641680119
SPN,PVG,0.8348006309815406
SWA,CKG,0.6328216999800186
SYD,CKG,0.9750034053151241
SYX,CKG,0.24392697999320634
SYX,CTU,0.2630737834733713
SYX,KWE,0.23063125987864358
SYX,KWL,0.5853825673062341
SYX,MIG,0.6697900877119758
SYX,NGB,0.44632407653886497
SYX,NKG,0.3628902998440315
SYX,TNA,0.4937332923639049
SYX,WNZ,0.34235779717701487
SYX,YBP,0.6404401265551573
SZX,CKG,0.2013207811572518
SZX,CTU,0.21781451719112618
SZX,WXN,0.6167129808271445
TAO,CTU,0.2666771451541766
TAO,KMG,0.39712658421925817
TNA,CGQ,0.20209266594490505
TNA,CKG,0.24024511199828572
TNA,CTU,0.22824888963028658
TNA,DLC,0.13292643481806488
TNA,HRB,0.20828568279679124
TNA,KMG,0.2925337944258201
TNA,SYX,0.4937332923639049
TNA,XIY,0.16158746658156087
TPE,KMG,0.45500074631365983
TSA,CKG,0.42339856429191025
TSA,CTU,0.7040223998532813
TSN,CGQ,0.34783551164160353
TSN,CKG,0.23053806393611684
TSN,CTU,0.2551533763013368
TSN,HGH,0.21403844799992783
TSN,HRB,0.17670554490348966
TSN,LHW,0.38793343984295037
TYN,CKG,0.2831647152733726
TYN,CTU,0.22524719788287806
TYN,DAT,0.19636506242280588
TYN,HGH,0.22239873645754799
TYN,SHE,0.23894447162055735
URC,CGO,0.3322176128248423
URC,CKG,0.34043397940416886
URC,CTU,0.3302061201180163
URC,KHG,0.17421348633969938
URC,XIY,0.2898091780219111
UYN,XIY,0.17395953705173345
WNZ,CSX,0.20842769745188122
WNZ,CTU,0.3103299470610542
WNZ,HRB,0.7247214696338256
WNZ,KWE,0.32214991970601936
WNZ,SYX,0.34235779717701487
WUH,CKG,0.16527954081171212
WUH,CTU,0.1806657219009356
WUH,HRB,0.7167775915787536
WUH,JJN,0.2546062973163401
WUH,NNG,0.19213925439548246
WUX,CKG,0.27341424334779346
WUX,CTU,0.30003255755165115
WXN,CTU,0.5478326745165658
WXN,KMG,0.5924171452700399
WXN,PEK,0.6407320378014316
WXN,SZX,0.6167129808271445
XIC,CTU,0.20380391443265855
XIY,BHY,0.6590491989492158
XIY,CKG,0.11231041946418127
XIY,CTU,0.13168327327931023
XIY,FOC,0.25672227025610395
XIY,GXH,0.562376834240724
XIY,HRB,0.3149095293526262
XIY,KMG,0.19343756570166257
XIY,LXA,0.36434068326150537
XIY,LYI,0.5985218471192723
XIY,TNA,0.16158746658156087
XIY,URC,0.2898091780219111
XIY,UYN,0.17395953705173345
XIY,XMN,0.22962530757934072
XIY,XNN,0.1278775662219641
XIY,YBP,0.5824782019927612
XMN,CSX,0.13302566955590667
XMN,CTU,0.255575250303117
XMN,CZX,0.34258576626995696
XMN,KMG,0.23327212801057623
XMN,KOW,0.5408189791287497
XMN,XIY,0.22962530757934072
XNN,CKG,0.16789977787406402
XNN,CTU,0.17589595225083693
XNN,LXA,0.39584126179034496
XNN,MIG,0.5686738923429107
XNN,XIY,0.1278775662219641
XNN,ZHY,0.5333438055142774
XUZ,CTU,0.6485602468147308
XUZ,DLC,0.5723144618711503
XUZ,HRB,0.6646639930663688
XUZ,KMG,0.6919127331822517
XUZ,KWE,0.3974638436602789
XUZ,SHE,0.6099356571461862
YBP,SYX,0.6404401265551573
YBP,XIY,0.5824782019927612
YIH,CKG,0.2194736320233721
YIH,CTU,0.5802809092881518
YIH,HKG,0.6050487917241958
YTY,CTU,0.6679956538847805
YVR,SHE,0.9750032295164152
ZHA,CKG,0.6125956682805895
ZHA,HKG,0.5430382992632192
ZHY,PEK,0.6144474843564526
ZHY,XNN,0.5333438055142774
ZUH,CZX,0.6409338719686188
ZUH,HAK,0.20891810993927318
LAS,LAX,0.09779667942395866
LAX,LAS,0.09779667942395866
CAI,TLV,0.5436359510956346
TLV,CAI,0.5436359510956346
MCG,NIB,0.5070768775719096
NIB,MCG,0.5070768775719096
TLJ,MCG,0.5022160748946463
EYK,VKO,0.7073041655791978
NCU,VKO,0.7413658563561469
NUX,TJM,0.37779797005007054
NUX,UFA,0.4389497096226205
NUX,VKO,0.5142225203288856
NYM,OVS,0.5719709038812145
NYM,VKO,0.7437025146113977
OVS,NYM,0.5719709038812145
OVS,SVX,0.5594620857541884
OVS,VKO,0.6833987884735362
SVX,OVS,0.5594620857541884
TJM,NUX,0.37779797005007054
UCT,VKO,0.6425124558982305
UFA,NUX,0.4389497096226205
VKO,EYK,0.7073041655791978
VKO,NCU,0.7413658563561469
VKO,NUX,0.5142225203288856
VKO,NYM,0.7437025146113977
VKO,OVS,0.6833987884735362
VKO,UCT,0.6425124558982305
BKK,DAC,0.2573061536172958
BZL,DAC,0.5128733572870333
CCU,CGP,0.28882364182623343
CCU,DAC,0.12657176455836247
CGP,CCU,0.28882364182623343
CGP,DAC,0.15038488680057802
CGP,MCT,0.5483215244440871
CXB,DAC,0.20109729933638285
DAC,BKK,0.2573061536172958
DAC,BZL,0.5128733572870333
DAC,CCU,0.12657176455836247
DAC,CGP,0.15038488680057802
DAC,CXB,0.20109729933638285
DAC,DXB,0.5603225497805093
DAC,JED,0.6416687752693234
DAC,JSR,0.18288112296271095
DAC,KTM,0.19849331782920188
DAC,KUL,0.39253107330441117
DAC,MCT,0.6130734277804656
DAC,SPD,0.5289095417728767
DAC,ZYL,0.18820820351625467
DXB,DAC,0.5603225497805093
JED,DAC,0.6416687752693234
JSR,DAC,0.18288112296271095
KTM,DAC,0.19849331782920188
KUL,DAC,0.39253107330441117
MCT,CGP,0.5483215244440871
MCT,DAC,0.8630734277804656
RJH,DAC,0.5214030043831397
SPD,DAC,0.5289095417728767
SPD,RJH,0.5165982114664152
ZYL,DAC,0.14654153684958798
YGZ,YRB,0.5427793976741238
YRB,YGZ,0.5427793976741238
DFW,EZE,0.7250034234598055
EZE,DFW,0.7250034234598055
EZE,JFK,0.6416700876034122
EZE,MIA,0.641669520147089
EZE,PUJ,0.9750024144822195
JFK,EZE,0.6416700876034122
MIA,EZE,0.641669520147089
MIA,PUJ,0.28790189581773307
PUJ,EZE,0.9750024144822195
PUJ,MIA,0.28790189581773307
YEG,YXY,0.6703325757127935
YLW,YVR,0.1986657238008968
YLW,YXY,0.6721037622051521
YOW,YZF,0.8452355914072587
YVR,YLW,0.1986657238008968
YVR,YXY,0.4150946045255053
YXY,YLW,0.6721037622051521
YXY,YVR,0.4150946045255053
YXY,YYC,0.6869120310364524
YXY,YZF,0.6230832798207689
YYC,YEG,0.11068582177541819
YZF,YOW,0.5952355914072587
YZF,YXY,0.6230832798207689
ACA,MEX,0.2005770970332826
ACA,TLC,0.28180554300897637
AGU,MEX,0.2968293789650293
BOG,MEX,0.4758388620928653
CEN,MEX,0.40644593168541493
CJS,MEX,0.33771204852421766
CME,MEX,0.33560173578418184
CPE,MEX,0.34999994544114066
CTM,MEX,0.6262322830434097
CUL,MEX,0.2831452474745598
CUN,MEX,0.22624077243491847
CUN,MTY,0.3277392169542065
CUN,TLC,0.398796896726269
CUU,MEX,0.30468708506455805
CZM,MEX,0.6418478399784007
GDL,MEX,0.1760681795022499
GDL,MTY,0.17424121337469634
GDL,SAT,0.3734526567515285
GDL,SJD,0.24707875018493353
GDL,SNA,0.727430423392176
GDL,TIJ,0.3778639905832228
GUA,MEX,0.3673517582595442
HAV,MEX,0.3636639580955196
HMO,MEX,0.3047454531337397
HUX,MEX,0.3058938525523007
JFK,MEX,0.49874697145360164
LAP,MEX,0.30833406107391104
LAS,MTY,0.37025584229644193
LAS,TLC,0.7669335948311273
MEX,ACA,0.15891043036661595
MEX,AGU,0.2968293789650293
MEX,BOG,0.4758388620928653
MEX,CEN,0.40644593168541493
MEX,CJS,0.33771204852421766
MEX,CME,0.33560173578418184
MEX,CPE,0.34999994544114066
MEX,CTM,0.6262322830434097
MEX,CUL,0.2831452474745598
MEX,CUN,0.2679074391015851
MEX,CUU,0.30468708506455805
MEX,CZM,0.6418478399784007
MEX,GDL,0.1760681795022499
MEX,GUA,0.3673517582595442
MEX,HAV,0.3636639580955196
MEX,HMO,0.3464121198004063
MEX,HUX,0.3058938525523007
MEX,JFK,0.49874697145360164
MEX,LAP,0.30833406107391104
MEX,MIA,0.29057069976086447
MEX,MID,0.23586445664092648
MEX,MTT,0.30510883067012284
MEX,MTY,0.16225926748860287
MEX,MZT,0.2197331758963983
MEX,OAX,0.2907124427210513
MEX,PQM,0.5860412737750036
MEX,PVR,0.19845812793569428
MEX,REX,0.2481098902218641
MEX,SAT,0.24945763523365416
MEX,SJD,0.29762458581199047
MEX,SJO,0.37882056209152126
MEX,SNA,0.5212284932705517
MEX,TAM,0.28784674465973503
MEX,TGZ,0.24612615680878863
MEX,TIJ,0.38056484871738716
MEX,TRC,0.25694177032188253
MEX,VER,0.20054547112070992
MEX,VSA,0.24206512004188413
MEX,ZCL,0.30959742217854064
MEX,ZIH,0.20264676006635832
MEX,ZLO,0.2308437474598445
MIA,MEX,0.29949927118943587
MID,MEX,0.23586445664092648
MTT,MEX,0.30510883067012284
MTY,CUN,0.3277392169542065
MTY,GDL,0.17424121337469634
MTY,LAS,0.37025584229644193
MTY,MEX,0.20392593415526952
MTY,SAT,0.21626300549325556
MTY,TLC,0.32949732617975247
MZT,MEX,0.2197331758963983
OAX,MEX,0.2907124427210513
PQM,MEX,0.5860412737750036
PVR,MEX,0.19845812793569428
PVR,TLC,0.5681601922708921
REX,MEX,0.2481098902218641
SAT,GDL,0.3734526567515285
SAT,MEX,0.24945763523365416
SAT,MTY,0.21626300549325556
SAT,TLC,0.6260973030262307
SJD,GDL,0.24707875018493353
SJD,MEX,0.29762458581199047
SJD,TLC,0.6261256133871911
SJO,MEX,0.37882056209152126
SNA,GDL,0.727430423392176
SNA,MEX,0.5212284932705517
TAM,MEX,0.28784674465973503
TGZ,MEX,0.24612615680878863
TIJ,GDL,0.3778639905832228
TIJ,MEX,0.4222315153840538
TLC,ACA,0.28180554300897637
TLC,CUN,0.398796896726269
TLC,LAS,0.7669335948311273
TLC,MTY,0.32949732617975247
TLC,PVR,0.5681601922708921
TLC,SAT,0.6260973030262307
TLC,SJD,0.6261256133871911
TLC,ZIH,0.5308234545722106
TRC,MEX,0.25694177032188253
VER,MEX,0.20054547112070992
VSA,MEX,0.24206512004188413
ZCL,MEX,0.30959742217854064
ZIH,MEX,0.20264676006635832
ZIH,TLC,0.5308234545722106
ZLO,MEX,0.2308437474598445
DEL,HEA,0.6716570960072984
DEL,KBL,0.21124119905803976
DXB,KBL,0.2873880792319938
HEA,DEL,0.6716570960072984
HEA,ISB,0.6094371981889284
HEA,KBL,0.23815009756388467
ISB,HEA,0.6094371981889284
ISB,KBL,0.2893288130028647
KBL,DEL,0.21124119905803976
KBL,DXB,0.2873880792319938
KBL,HEA,0.23815009756388467
KBL,ISB,0.2893288130028647
KBL,MZR,0.28320717501570003
MZR,KBL,0.28320717501570003
AYT,ZRH,0.4076570229956382
BSL,HRG,0.8574715624418225
HRG,BSL,0.8574715624418225
HRG,ZRH,0.5996600377290244
PRN,ZRH,0.37471897227440587
SKP,ZRH,0.3833965905293186
ZRH,AYT,0.4076570229956382
ZRH,HRG,0.5996600377290244
ZRH,PRN,0.37471897227440587
ZRH,SKP,0.3833965905293186
AGP,STR,0.4433079540286871
AGP,TXL,0.4997066472924186
ALG,CGN,0.6784181563141752
AMS,HAM,0.2089394859467268
AOI,DUS,0.6096192440255284
AOI,TXL,0.6104942567628228
ARN,CGN,0.6323362174027015
ARN,DUS,0.2960817807363155
ARN,HAM,0.34191711073837855
ATH,CGN,0.7171601631919304
ATH,STR,0.6870742504455778
AYT,CGN,0.37058305257974933
BCN,CGN,0.6258609563491654
BCN,DUS,0.2547076580084695
BCN,HAJ,0.3186700737463106
BCN,HAM,0.29089681522018773
BCN,STR,0.27723909272529684
BDS,STR,0.6253049823126158
BEG,STR,0.2721005419958461
BGO,HAM,0.5884671782160462
BHX,HAM,0.5885592033661795
BHX,TXL,0.6132379599395492
BIA,CGN,0.6045758478998786
BIA,DUS,0.6103196552219393
BIA,HAM,0.6369237576964267
BIA,STR,0.5758240604135991
BIA,TXL,0.6276015182876532
BIO,DUS,0.6276521405782278
BIO,STR,0.6236146736252108
BLQ,CGN,0.5854733679985678
BLQ,TXL,0.6004817187964738
BRE,STR,0.5539699027335706
BRI,CGN,0.6456205322739232
BRI,DUS,0.6515472988590489
BRI,STR,0.6141917203414446
BRU,STR,0.5467112417145717
BSL,DUS,0.5461270921560362
BUD,CGN,0.6068523225532967
BUD,HAM,0.6057129132175186
BUD,STR,0.5845245597737211
CAG,CGN,0.6443748512270818
CAG,DUS,0.31663086867930385
CAG,STR,0.6165336740581817
CDG,HAM,0.2476886984506696
CFU,CGN,0.4276812939626652
CFU,DRS,0.6519716231728914
CFU,STR,0.39674713195223293
CGN,ALG,0.6784181563141752
CGN,ARN,0.6323362174027015
CGN,ATH,0.7171601631919304
CGN,AYT,0.37058305257974933
CGN,BCN,0.6258609563491654
CGN,BIA,0.6045758478998786
CGN,BLQ,0.5854733679985678
CGN,BRI,0.6456205322739232
CGN,BUD,0.6068523225532967
CGN,CAG,0.6443748512270818
CGN,CFU,0.4276812939626652
CGN,CLY,0.3539735377527232
CGN,CTA,0.6795382480074945
CGN,DBV,0.6391822990367889
CGN,DRS,0.5517574130703178
CGN,DUB,0.606616349297653
CGN,EDI,0.5997661644266779
CGN,FAO,0.46684452752785766
CGN,FCO,0.6200832906293573
CGN,FDH,0.5438722092738503
CGN,HAM,0.540421277108077
CGN,HDF,0.564769696972033
CGN,HER,0.5003032134669525
CGN,IBZ,0.40638894410120247
CGN,JMK,0.7304713407792347
CGN,JTR,0.7414120205690518
CGN,KGS,0.41407517871866906
CGN,KLU,0.32853994848677853
CGN,KVA,0.693630850509296
CGN,LEJ,0.5401927455687507
CGN,LHR,0.5595429391336368
CGN,LIS,0.7058113711076355
CGN,LPA,0.47769767119196793
CGN,MAN,0.577931778347764
CGN,MXP,0.5659875008968583
CGN,NAP,0.6376582081069876
CGN,NCE,0.5890353956833686
CGN,OLB,0.2914351753622422
CGN,PMI,0.24483602196407594
CGN,PMO,0.6651195850568539
CGN,PRG,0.5568946564576953
CGN,PSA,0.5928062163806945
CGN,PUY,0.592753728468816
CGN,RAK,0.7753058537804852
CGN,RHO,0.5073732791502753
CGN,RJK,0.5929529940463283
CGN,RLG,0.5541327951493632
CGN,SAW,0.39268313456519677
CGN,SJJ,0.6277699653910376
CGN,SKG,0.6865925160914628
CGN,SPU,0.6186974680786921
CGN,STN,0.5548841911899505
CGN,SUF,0.667606896989707
CGN,SZG,0.31065410625392975
CGN,TLV,0.8433983877611275
CGN,TUN,0.6751602553460936
CGN,TXL,0.15160614426988478
CGN,VCE,0.5789395386013021
CGN,VIE,0.24976839823126967
CGN,VRN,0.574320773870412
CGN,WAW,0.6076604245773051
CGN,XRY,0.7098346639714554
CGN,ZAD,0.6079745248338078
CGN,ZAG,0.5969345905227074
CGN,ZRH,0.29354411561447896
CLY,CGN,0.3539735377527232
CTA,CGN,0.6795382480074945
CTA,DUS,0.26886180287971784
CTA,HAJ,0.6909277327938665
CTA,HAM,0.4542800290549378
CTA,STR,0.2481732052814886
CTA,TXL,0.27033548388098544
CWL,DUS,0.5782224210215607
DBV,CGN,0.6391822990367889
DBV,DUS,0.3115729336376375
DBV,HAJ,0.641607185012034
DBV,HAM,0.6527212541817209
DBV,STR,0.6088175506849401
DBV,TXL,0.38026614465009523
DRS,CFU,0.6519716231728914
DRS,CGN,0.5517574130703178
DRS,DUS,0.30436714486308203
DRS,STR,0.5471794269735876
DTM,HDF,0.5571084292666906
DTM,MUC,0.30134413268504423
DTM,PMI,0.32028821356865744
DTM,SAW,0.47621928417606474
DTM,SPU,0.6222839698732215
DUB,CGN,0.606616349297653
DUB,DUS,0.3519894535820308
DUS,AOI,0.6096192440255284
DUS,ARN,0.2960817807363155
DUS,BCN,0.2547076580084695
DUS,BIA,0.6103196552219393
DUS,BIO,0.6276521405782278
DUS,BRI,0.6515472988590489
DUS,BSL,0.5461270921560362
DUS,CAG,0.31663086867930385
DUS,CTA,0.26886180287971784
DUS,CWL,0.5782224210215607
DUS,DBV,0.3115729336376375
DUS,DRS,0.30436714486308203
DUS,DUB,0.3519894535820308
DUS,GVA,0.5626458827309311
DUS,HDF,0.5641303462640416
DUS,HER,0.3393511728254201
DUS,IBZ,0.32697318170532036
DUS,KTW,0.5966938042854203
DUS,LEJ,0.5423563302247727
DUS,LYS,0.5701196251237042
DUS,MAD,0.32690318801307094
DUS,MPL,0.5981200793946747
DUS,MXP,0.23841147883002678
DUS,NQY,0.5925029665936228
DUS,NUE,0.29061212807327536
DUS,OLB,0.29712999951053604
DUS,PMI,0.2490613485425449
DUS,POZ,0.578203095857868
DUS,PRG,0.22727107612105213
DUS,PRN,0.6612611192869942
DUS,SKG,0.31709397023478847
DUS,SPU,0.2911733654963877
DUS,SUF,0.6735995809382207
DUS,TRN,0.5755762584615357
DUS,VCE,0.25157537573033917
DUS,WAW,0.2760434312523782
DUS,WRO,0.5785642314640316
DUS,ZAD,0.6138166674269042
EDI,CGN,0.5997661644266779
FAO,CGN,0.46684452752785766
FAO,HAM,0.5064388662575853
FAO,STR,0.4615355582034959
FCO,CGN,0.6200832906293573
FCO,HAJ,0.6334140990180163
FCO,HAM,0.3973271522383618
FCO,STR,0.5890346384973695
FCO,TXL,0.2998637073097914
FDH,CGN,0.5438722092738503
FKB,HAM,0.5617615816805174
FMM,HAM,0.56976062373068
FMM,TXL,0.5614223614803916
FRA,HDF,0.5638193401600725
GVA,DUS,0.5626458827309311
GVA,HAM,0.5964199771979826
HAJ,BCN,0.3186700737463106
HAJ,CTA,0.6909277327938665
HAJ,DBV,0.641607185012034
HAJ,FCO,0.6334140990180163
HAJ,HER,0.418090626232289
HAJ,MXP,0.5847576466511535
HAJ,NAP,0.6481575559530915
HAJ,PMI,0.2950769128842234
HAJ,PRN,0.6543575212578343
HAJ,SAW,0.7183299497747472
HAJ,SKG,0.4353815783231462
HAJ,SPU,0.6229899345797536
HAJ,STN,0.5721339869285189
HAJ,STR,0.2967541089684676
HAJ,SUF,0.6765836190100424
HAJ,VCE,0.5886277793468699
HAJ,VIE,0.24317852574873206
HAM,AMS,0.14227281928006014
HAM,ARN,0.34191711073837855
HAM,BCN,0.29089681522018773
HAM,BGO,0.5884671782160462
HAM,BHX,0.5885592033661795
HAM,BIA,0.6369237576964267
HAM,BUD,0.6057129132175186
HAM,CDG,0.2476886984506696
HAM,CGN,0.540421277108077
HAM,CTA,0.4542800290549378
HAM,DBV,0.6527212541817209
HAM,FAO,0.5064388662575853
HAM,FCO,0.3973271522383618
HAM,FKB,0.5617615816805174
HAM,FMM,0.56976062373068
HAM,GVA,0.5964199771979826
HAM,HER,0.3864937917280906
HAM,KLU,0.3429744262649932
HAM,LHR,0.20807385064426392
HAM,MAD,0.6980318122327306
HAM,MAN,0.34038869461210086
HAM,MXP,0.3493730306991694
HAM,NAP,0.4114574977332296
HAM,NCE,0.3752603558762245
HAM,NUE,0.30176042986138335
HAM,OLB,0.3239883375756343
HAM,OSL,0.3306271687638682
HAM,PMI,0.3092880680165417
HAM,PRG,0.22117105717663
HAM,PRN,0.6639629645801631
HAM,RJK,0.6102773775115218
HAM,SAW,0.724729688335406
HAM,SKG,0.4448536608593939
HAM,SPU,0.6348600901301311
HAM,STR,0.31135949783697675
HAM,TLS,0.3921016166374222
HAM,VCE,0.35217464628990286
HAM,VIE,0.21039513513003405
HAM,VRN,0.6020172834816351
HAM,ZRH,0.24370801928616967
HDF,CGN,0.564769696972033
HDF,DTM,0.5571084292666906
HDF,DUS,0.5641303462640416
HDF,FRA,0.5638193401600725
HDF,STR,0.5746234428313219
HEL,TXL,0.29125884850249406
HER,CGN,0.5003032134669525
HER,DUS,0.3393511728254201
HER,HAJ,0.418090626232289
HER,HAM,0.3864937917280906
HER,STR,0.38648194566105043
HER,TXL,0.4035318051977148
IBZ,CGN,0.40638894410120247
IBZ,DUS,0.32697318170532036
IBZ,STR,0.38988377945506025
IBZ,TXL,0.4473901827633052
JMK,CGN,0.7304713407792347
JTR,CGN,0.7414120205690518
KGS,CGN,0.41407517871866906
KLU,CGN,0.32853994848677853
KLU,HAM,0.3429744262649932
KLU,TXL,0.32360671310362343
KRK,STR,0.5868461217451375
KTW,DUS,0.5966938042854203
KVA,CGN,0.693630850509296
KVA,STR,0.6654540400121125
LEJ,CGN,0.5401927455687507
LEJ,DUS,0.5423563302247727
LEJ,STR,0.5414287047589362
LHR,CGN,0.5595429391336368
LHR,HAM,0.20807385064426392
LHR,STR,0.2092493500367419
LHR,TXL,0.230582669352988
LIN,TXL,0.5937274915502624
LIS,CGN,0.7058113711076355
LIS,STR,0.703967374048668
LPA,CGN,0.47769767119196793
LYS,DUS,0.5701196251237042
MAD,DUS,0.32690318801307094
MAD,HAM,0.6980318122327306
MAN,CGN,0.577931778347764
MAN,HAM,0.34038869461210086
MPL,DUS,0.5981200793946747
MUC,DTM,0.30134413268504423
MXP,CGN,0.5659875008968583
MXP,DUS,0.23841147883002678
MXP,HAJ,0.5847576466511535
MXP,HAM,0.3493730306991694
MXP,STR,0.538018618030721
NAP,CGN,0.6376582081069876
NAP,HAJ,0.6481575559530915
NAP,HAM,0.4114574977332296
NAP,STR,0.2727737042075956
NCE,CGN,0.5890353956833686
NCE,HAM,0.3752603558762245
NCE,TXL,0.620800014068163
NQY,DUS,0.5925029665936228
NUE,DUS,0.29061212807327536
NUE,HAM,0.30176042986138335
NUE,TXL,0.20823442970368738
OLB,CGN,0.2914351753622422
OLB,DUS,0.29712999951053604
OLB,HAM,0.3239883375756343
OLB,STR,0.2629036367140482
OSL,HAM,0.3306271687638682
PMI,CGN,0.24483602196407594
PMI,DTM,0.32028821356865744
PMI,DUS,0.2490613485425449
PMI,HAJ,0.2950769128842234
PMI,HAM,0.3092880680165417
PMI,STR,0.251587520164265
PMI,TXL,0.43404883741007416
PMO,CGN,0.6651195850568539
POZ,DUS,0.578203095857868
PRG,CGN,0.5568946564576953
PRG,DUS,0.22727107612105213
PRG,HAM,0.22117105717663
PRN,DUS,0.6612611192869942
PRN,HAJ,0.6543575212578343
PRN,HAM,0.6639629645801631
PRN,STR,0.6269763601432203
PRN,TXL,0.639158971186859
PSA,CGN,0.5928062163806945
PUY,CGN,0.592753728468816
RAK,CGN,0.7753058537804852
RHO,CGN,0.5073732791502753
RJK,CGN,0.5929529940463283
RJK,HAM,0.6102773775115218
RJK,STR,0.5623144324215533
RLG,CGN,0.5541327951493632
RLG,STR,0.5688156361990984
SAW,CGN,0.39268313456519677
SAW,DTM,0.47621928417606474
SAW,HAJ,0.7183299497747472
SAW,HAM,0.724729688335406
SAW,STR,0.36690580528810146
SAW,TXL,0.6972738209543567
SJJ,CGN,0.6277699653910376
SJJ,STR,0.5983817061036966
SJJ,TXL,0.6156130125686909
SKG,CGN,0.6865925160914628
SKG,DUS,0.31709397023478847
SKG,HAJ,0.4353815783231462
SKG,HAM,0.4448536608593939
SKG,STR,0.28232649944651117
SPU,CGN,0.6186974680786921
SPU,DTM,0.6222839698732215
SPU,DUS,0.2911733654963877
SPU,HAJ,0.6229899345797536
SPU,HAM,0.6348600901301311
SPU,STR,0.5879094103964664
SPU,TXL,0.3641768563727176
STN,CGN,0.5548841911899505
STN,HAJ,0.5721339869285189
STN,STR,0.581305433829553
STR,AGP,0.4433079540286871
STR,ATH,0.6870742504455778
STR,BCN,0.27723909272529684
STR,BDS,0.6253049823126158
STR,BEG,0.2721005419958461
STR,BIA,0.5758240604135991
STR,BIO,0.6236146736252108
STR,BRE,0.5539699027335706
STR,BRI,0.6141917203414446
STR,BRU,0.5467112417145717
STR,BUD,0.5845245597737211
STR,CAG,0.6165336740581817
STR,CFU,0.39674713195223293
STR,CTA,0.2481732052814886
STR,DBV,0.6088175506849401
STR,DRS,0.5471794269735876
STR,FAO,0.4615355582034959
STR,FCO,0.5890346384973695
STR,HAJ,0.2967541089684676
STR,HAM,0.31135949783697675
STR,HDF,0.5746234428313219
STR,HER,0.38648194566105043
STR,IBZ,0.38988377945506025
STR,KRK,0.5868461217451375
STR,KVA,0.6654540400121125
STR,LEJ,0.5414287047589362
STR,LHR,0.2092493500367419
STR,LIS,0.703967374048668
STR,MXP,0.538018618030721
STR,NAP,0.2727737042075956
STR,OLB,0.2629036367140482
STR,PMI,0.251587520164265
STR,PRN,0.6269763601432203
STR,RJK,0.5623144324215533
STR,RLG,0.5688156361990984
STR,SAW,0.36690580528810146
STR,SJJ,0.5983817061036966
STR,SKG,0.28232649944651117
STR,SPU,0.5879094103964664
STR,STN,0.581305433829553
STR,SUF,0.6359904372549439
STR,TXL,0.22417594740784058
STR,VIE,0.2275178165367144
STR,ZAD,0.5770290462524192
STR,ZAG,0.5681218539209065
SUF,CGN,0.667606896989707
SUF,DUS,0.6735995809382207
SUF,HAJ,0.6765836190100424
SUF,STR,0.6359904372549439
SZG,CGN,0.31065410625392975
TLS,HAM,0.3921016166374222
TLV,CGN,0.8433983877611275
TRN,DUS,0.5755762584615357
TUN,CGN,0.6751602553460936
TXL,AGP,0.4997066472924186
TXL,AOI,0.6104942567628228
TXL,BHX,0.6132379599395492
TXL,BIA,0.6276015182876532
TXL,BLQ,0.6004817187964738
TXL,CGN,0.21827281093655143
TXL,CTA,0.27033548388098544
TXL,DBV,0.38026614465009523
TXL,FCO,0.2998637073097914
TXL,FMM,0.5614223614803916
TXL,HEL,0.29125884850249406
TXL,HER,0.4035318051977148
TXL,IBZ,0.4473901827633052
TXL,KLU,0.32360671310362343
TXL,LHR,0.230582669352988
TXL,LIN,0.5937274915502624
TXL,NCE,0.620800014068163
TXL,NUE,0.20823442970368738
TXL,PMI,0.43404883741007416
TXL,PRN,0.639158971186859
TXL,SAW,0.6972738209543567
TXL,SJJ,0.6156130125686909
TXL,SPU,0.3641768563727176
TXL,STR,0.22417594740784058
TXL,VIE,0.16079721530018615
TXL,VRN,0.590634149036152
TXL,ZAD,0.6057753574662572
VCE,CGN,0.5789395386013021
VCE,DUS,0.25157537573033917
VCE,HAJ,0.5886277793468699
VCE,HAM,0.35217464628990286
VIE,CGN,0.24976839823126967
VIE,HAJ,0.24317852574873206
VIE,HAM,0.21039513513003405
VIE,STR,0.2275178165367144
VIE,TXL,0.16079721530018615
VRN,CGN,0.574320773870412
VRN,HAM,0.6020172834816351
VRN,TXL,0.590634149036152
WAW,CGN,0.6076604245773051
WAW,DUS,0.2760434312523782
WRO,DUS,0.5785642314640316
XRY,CGN,0.7098346639714554
ZAD,CGN,0.6079745248338078
ZAD,DUS,0.6138166674269042
ZAD,STR,0.5770290462524192
ZAD,TXL,0.6057753574662572
ZAG,CGN,0.5969345905227074
ZAG,STR,0.5681218539209065
ZRH,CGN,0.29354411561447896
ZRH,HAM,0.24370801928616967
AKP,FAI,0.2953780242123985
BTT,AKP,0.2651486290475962
CEM,IRC,0.5048097677438461
CIK,FAI,0.5308799634741473
CIK,FYU,0.5074913713837551
FAI,BTT,0.281975936906369
FAI,CEM,0.5185454940052265
FAI,CIK,0.5308799634741473
FAI,FYU,0.19216751097040316
FAI,MLY,0.514837014491198
FAI,WBQ,0.519304605230824
FYU,CIK,0.5074913713837551
FYU,FAI,0.19216751097040316
IRC,FAI,0.5232620889395962
WBQ,FAI,0.519304605230824
BET,EEK,0.2571205792219781
BET,KPN,0.5170515194822843
BET,KWN,0.2626855005850146
BET,KWT,0.25238821288707153
BET,MLL,0.2634743547604677
BET,NME,0.2678276909938296
BET,WNA,0.5013994423862949
CYF,BET,0.2668768617192973
EEK,BET,0.5071205792219782
EEK,KWN,0.2558092188435574
KKH,KWK,0.2520720120131577
KPN,CYF,0.2531074580269959
KWK,BET,0.26384884551136456
KWN,BET,0.2626855005850146
KWN,EEK,0.5058092188435573
NME,OOK,0.25251255828964253
PKA,BET,0.50101914790342
PTU,BET,0.5218912307456115
WNA,PKA,0.501229865535092
BOC,SJO,0.5251889503109295
DRK,SJO,0.1837958454738001
FON,XQP,0.2641263913425854
GLF,PJM,0.5020677054290986
LIR,SJO,0.14284708466562768
LIR,SYQ,0.5187997402895198
MGA,SJO,0.16053184958783967
NOB,TMU,0.5083210452766224
PJM,SJO,0.18776771401256323
PMZ,SJO,0.18234491719623155
SJO,BOC,0.5251889503109295
SJO,DRK,0.1837958454738001
SJO,FON,0.17455699613883296
SJO,GLF,0.1873583583610286
SJO,MGA,0.20219851625450633
SJO,NOB,0.5175955241612841
SJO,PJM,0.18776771401256323
SJO,TMU,0.1769669330410443
SJO,TTQ,0.5089811704238402
SJO,XQP,0.1735027251261376
SYQ,LIR,0.5187997402895198
TMU,SJO,0.1769669330410443
TTQ,SJO,0.5089811704238402
XQP,PMZ,0.5100877820217102
XQP,SJO,0.1735027251261376
ACC,KMS,0.14719222992502515
KMS,ACC,0.14719222992502515
EDL,LOK,0.5336993192300679
EDL,NBO,0.2797456532958136
JUB,NBO,0.35059190149219605
KIS,EDL,0.508724793115948
KIS,NBO,0.2811304113539115
LAU,MYD,0.18230472791474908
LOK,EDL,0.5336993192300679
MBA,NBO,0.2135530725631653
MBA,ZNZ,0.2772564216403146
MYD,LAU,0.5156380612480824
MYD,NBO,0.2957090834623912
NBO,EDL,0.2797456532958136
NBO,JUB,0.35059190149219605
NBO,KIS,0.2811304113539115
NBO,LOK,0.5569506047894311
NBO,MBA,0.17188640589649867
NBO,MYD,0.2957090834623912
ZNZ,MBA,0.5272564216403146
BCD,CEB,0.5130633803982431
BCD,CGY,0.5318794642085729
BCD,DVO,0.5551915830687089
BCD,MNL,0.21847687409748132
BKI,MNL,0.3714451818809609
BKK,MNL,0.3683863972265489
BWN,MNL,0.388994623720853
BXU,CEB,0.5247438068658651
CAN,MNL,0.3083682383140819
CEB,BCD,0.5130633803982431
CEB,BXU,0.5247438068658651
CEB,CGM,0.515701432985229
CEB,CGY,0.5216334129482217
CEB,CRK,0.5727783882064055
CEB,DGT,0.5145503725540683
CEB,DPL,0.5223549018366391
CEB,DVO,0.2107616989745682
CEB,GES,0.5539806857458205
CEB,HKG,0.3563762753969351
CEB,IAO,0.5253895384887366
CEB,ICN,0.4068624056734619
CEB,ILO,0.5191855601542549
CEB,KLO,0.5257526562132698
CEB,LGP,0.535154211852889
CEB,MNL,0.1628011378830555
CEB,MPH,0.53160856661207
CEB,OZC,0.5262170467702394
CEB,PAG,0.5310874698197832
CEB,PPS,0.5639634997370352
CEB,PUS,0.43613513664505715
CEB,SIN,0.3941808820480736
CEB,SUG,0.5195109567713041
CEB,TAC,0.5170420841817978
CEB,USU,0.5520796577856458
CEB,ZAM,0.5477609396681105
CGK,MNL,0.47544157422170585
CGM,CEB,0.515701432985229
CGY,BCD,0.5318794642085729
CGY,CEB,0.5216334129482217
CGY,DVO,0.5233704023578483
CGY,ILO,0.5363003564928974
CRK,CEB,0.5727783882064055
CRK,HKG,0.2838203731182085
CRK,MFM,0.6182988629169267
CRK,SIN,0.4308915697839648
CYZ,MNL,0.5310233772644272
DGT,CEB,0.5145503725540683
DPL,CEB,0.5223549018366391
DPL,DVO,0.5335595195115314
DPL,MNL,0.32785677946850067
DPS,MNL,0.5446620041746271
DVO,BCD,0.5551915830687089
DVO,CEB,0.2107616989745682
DVO,CGY,0.5233704023578483
DVO,DPL,0.5335595195115314
DVO,ILO,0.5596580476979395
DVO,MNL,0.27338400344691227
DVO,PPS,0.5901870189777191
DVO,ZAM,0.5440945842295716
DXB,MNL,0.6416694496876171
GES,CEB,0.5539806857458205
GES,ILO,0.5667585126613686
HAN,MNL,0.6970874434842371
HKG,CEB,0.3563762753969351
HKG,CRK,0.2838203731182085
HKG,ILO,0.6738257848227784
HKG,MNL,0.2520638203482656
HKT,MNL,0.7861692011076411
IAO,CEB,0.5253895384887366
ICN,CEB,0.4068624056734619
ICN,KLO,0.4873110422713254
ICN,MNL,0.372233942854404
ILO,CEB,0.5191855601542549
ILO,CGY,0.5363003564928974
ILO,DVO,0.5596580476979395
ILO,GES,0.5667585126613686
ILO,HKG,0.6738257848227784
ILO,MNL,0.21521933786592962
ILO,PPS,0.5473870775041401
ILO,SIN,0.7553846779381135
KLO,CEB,0.5257526562132698
KLO,ICN,0.4873110422713254
KUL,MNL,0.44315650264433937
LAO,MNL,0.29548988590978353
LGP,CEB,0.535154211852889
MFM,CRK,0.6182988629169267
MFM,MNL,0.25316435111223373
MNL,BCD,0.21847687409748132
MNL,BKI,0.3714451818809609
MNL,BKK,0.3683863972265489
MNL,BWN,0.388994623720853
MNL,CAN,0.3083682383140819
MNL,CEB,0.1628011378830555
MNL,CGK,0.47544157422170585
MNL,CYZ,0.5310233772644272
MNL,DPL,0.32785677946850067
MNL,DPS,0.5446620041746271
MNL,DVO,0.27338400344691227
MNL,DXB,0.6416694496876171
MNL,HAN,0.6970874434842371
MNL,HKG,0.2520638203482656
MNL,HKT,0.7861692011076411
MNL,ICN,0.372233942854404
MNL,ILO,0.21521933786592962
MNL,KUL,0.44315650264433937
MNL,LAO,0.29548988590978353
MNL,MFM,0.25316435111223373
MNL,NGO,0.4727163409611268
MNL,NRT,0.4384596713170268
MNL,PAG,0.5872532405456685
MNL,PEK,0.4851775359156074
MNL,PUS,0.43592417841957876
MNL,PVG,0.3298886475812879
MNL,REP,0.7069761168669488
MNL,SGN,0.34586502468992786
MNL,SJI,0.5263956719500139
MNL,TAC,0.18794092470074716
MNL,TAG,0.23535291523937046
MNL,TPE,0.21336170101917667
MNL,USU,0.2813638807194406
MNL,VRC,0.5399166473601437
MNL,WNP,0.27929304681402617
MNL,XMN,0.29461158647725305
MPH,CEB,0.53160856661207
NGO,MNL,0.4727163409611268
NRT,MNL,0.4384596713170268
OZC,CEB,0.5262170467702394
PAG,CEB,0.5310874698197832
PAG,MNL,0.5872532405456685
PEK,MNL,0.4851775359156074
PPS,CEB,0.5639634997370352
PPS,DVO,0.5901870189777191
PPS,ILO,0.5473870775041401
PUS,CEB,0.47780180331172384
PUS,MNL,0.43592417841957876
PVG,MNL,0.3298886475812879
REP,MNL,0.7069761168669488
SGN,MNL,0.34586502468992786
SIN,CEB,0.3941808820480736
SIN,CRK,0.4308915697839648
SIN,ILO,0.7553846779381135
SJI,MNL,0.5263956719500139
SUG,CEB,0.5195109567713041
TAC,CEB,0.5170420841817978
TAC,MNL,0.18794092470074716
TAG,MNL,0.23535291523937046
TPE,MNL,0.21336170101917667
USU,CEB,0.5520796577856458
USU,MNL,0.2813638807194406
VRC,MNL,0.5399166473601437
WNP,MNL,0.27929304681402617
XMN,MNL,0.29461158647725305
ZAM,CEB,0.5477609396681105
ZAM,DVO,0.5440945842295716
ANU,NEV,0.5094617730857872
NEV,ANU,0.5094617730857872
ARH,CSH,0.5268275065322959
ARH,LED,0.3345922222287849
ARH,MMK,0.5648015713641803
ARH,NNM,0.32260067087164696
ARH,SVO,0.35868139106181174
ARH,USK,0.587747721725243
CSH,ARH,0.5268275065322959
LED,ARH,0.3345922222287849
LED,MMK,0.3620296374169864
LED,SCW,0.3763324407001833
MMK,ARH,0.5648015713641803
MMK,LED,0.3620296374169864
MMK,SVO,0.4107560621345533
MMK,TOS,0.5617181052061362
NNM,ARH,0.32260067087164696
SCW,LED,0.3763324407001833
SCW,SVO,0.36085693742650515
SVO,ARH,0.35868139106181174
SVO,MMK,0.4107560621345533
SVO,SCW,0.36085693742650515
TOS,MMK,0.5617181052061362
USK,ARH,0.587747721725243
ANF,IQQ,0.20258858502385274
CCP,SCL,0.21428747998690648
IQQ,SCL,0.3251080264290795
SCL,ANF,0.24756367511555488
AEP,MVD,0.2745197291369006
AEP,PDP,0.28400252067487025
ASU,MVD,0.6192922855966518
CWB,MVD,0.6360350454573137
EZE,MVD,0.15046100729417108
GIG,MVD,0.7024812142979115
GRU,MVD,0.2741447312661531
MVD,AEP,0.2745197291369006
MVD,ASU,0.6192922855966518
MVD,CWB,0.6360350454573137
MVD,EZE,0.15046100729417108
MVD,GIG,0.7024812142979115
MVD,GRU,0.2741447312661531
MVD,POA,0.3283453213180031
MVD,SCL,0.40215887688968227
PDP,AEP,0.28400252067487025
POA,MVD,0.3283453213180031
SCL,MVD,0.40215887688968227
YBK,YCS,0.2815280397603145
YBK,YXN,0.5320375396478592
YCB,YCO,0.2982301936244477
YCB,YYH,0.5508449668308276
YCB,YZF,0.34473035984921646
YCO,YCB,0.2982301936244477
YCO,YZF,0.3164258719020604
YCS,YBK,0.2815280397603145
YCS,YRT,0.1768857259690746
YCY,YFB,0.3333906000127871
YCY,YIO,0.2958935887203807
YEG,YZF,0.2134083521911983
YEK,YXN,0.1832914017285883
YEK,YYQ,0.27915250737410213
YEV,YVQ,0.2996496017192452
YFB,YCY,0.3333906000127871
YFB,YGT,0.3450551384676692
YFB,YOW,0.48331743016897977
YFB,YRT,0.29779160661248577
YFB,YTE,0.2937126932926929
YFB,YUX,0.33845085055068685
YFB,YXP,0.28313330557903804
YGT,YFB,0.3450551384676692
YGT,YIO,0.5439531637766511
YGT,YUX,0.2577254214082217
YHK,YYH,0.26512379871053365
YHK,YZF,0.6214695455670639
YIO,YCY,0.2958935887203807
YIO,YGT,0.5439531637766511
YOW,YFB,0.3999840968356464
YRT,YBK,0.19526332920874023
YRT,YCS,0.1768857259690746
YRT,YEK,0.19079080493236478
YRT,YFB,0.3811249399458191
YRT,YUT,0.30553303867834014
YRT,YYQ,0.3017728246453043
YRT,YZF,0.2933518834141169
YRT,YZS,0.30133623523869424
YTE,YFB,0.2937126932926929
YTH,YYQ,0.2943733053585129
YUX,YFB,0.33845085055068685
YUX,YGT,0.2577254214082217
YVM,YXP,0.2691973013263291
YVQ,YEV,0.2996496017192452
YVQ,YZF,0.32581573598812835
YWG,YRT,0.3299873029758128
YWG,YYQ,0.36155172442163647
YXN,YRT,0.1742617238710335
YXP,YFB,0.28313330557903804
YXP,YVM,0.2691973013263291
YYH,YCB,0.5508449668308276
YYH,YHK,0.26512379871053365
YYQ,YEK,0.27915250737410213
YYQ,YRT,0.3017728246453043
YYQ,YTH,0.2943733053585129
YYQ,YWG,0.36155172442163647
YZF,YCB,0.34473035984921646
YZF,YCO,0.3164258719020604
YZF,YEG,0.19674168552453164
YZF,YHK,0.3714695455670639
YZF,YRT,0.3766852167474502
YZF,YVQ,0.32581573598812835
YZF,YYH,0.6358271073820569
YZS,YRT,0.30133623523869424
YZS,YUT,0.28241825609720644
BZE,FRS,0.26995480780434683
FRS,BZE,0.26995480780434683
