GKA,0.000000
MAG,6.000000
HGU,17.000000
LAE,2.000000
POM,146569.000000
WWK,3.000000
UAK,28846.000000
GOH,58544.000000
SFJ,66101.000000
THU,0.000000
AEY,0.000000
EGS,0.000000
HFN,0.000000
HZK,0.000000
IFJ,0.000000
KEF,64717.000000
PFJ,0.000000
RKV,19245.000000
SIJ,0.000000
VEY,0.000000
YAM,0.000000
\N,0.000000
YAY,0.000000
YAZ,0.000000
YBB,0.000000
YBC,0.000000
YBG,0.000000
YBK,0.000000
YBL,0.000000
YBR,0.000000
YCB,6.000000
YCD,0.000000
YCG,0.000000
YCH,0.000000
YCL,0.000000
YCO,6403.000000
YCT,0.000000
YCW,0.000000
YCY,6413.000000
YZS,2.000000
YDA,0.000000
YDB,0.000000
YDF,30664.000000
YDL,0.000000
YDN,0.000000
YDQ,0.000000
YEG,167888.000000
YEK,2.000000
YEN,0.000000
YET,0.000000
YEU,0.000000
YEV,25656.000000
YFB,71265.000000
YFC,0.000000
YFE,0.000000
YFO,0.000000
YFR,0.000000
YFS,0.000000
YGK,0.000000
YGL,25027.000000
YGP,0.000000
YGQ,0.000000
YGR,2.000000
YHB,0.000000
YHD,40.000000
YHI,4.000000
YHK,0.000000
YHM,0.000000
YHU,0.000000
YHY,0.000000
YHZ,15202.000000
YIB,0.000000
YIO,0.000000
YJN,0.000000
YJT,0.000000
YKA,0.000000
YKF,0.000000
YKL,518.000000
YKY,0.000000
YKZ,0.000000
YLD,0.000000
YLJ,0.000000
YLL,0.000000
YLT,0.000000
YLW,555.000000
YMA,0.000000
YMJ,0.000000
YMM,6413.000000
YMO,25659.000000
YMW,0.000000
YMX,0.000000
YNA,19211.000000
YND,0.000000
YNM,0.000000
YOC,0.000000
YOD,0.000000
YOJ,0.000000
YOW,74495.000000
YPA,0.000000
YPE,0.000000
YPG,0.000000
YPL,3205.000000
YPN,0.000000
YPQ,0.000000
YPR,0.000000
YPY,0.000000
YQA,0.000000
YQB,44917.000000
YQF,0.000000
YQG,0.000000
YQH,0.000000
YQK,205.000000
YQL,0.000000
YQM,119.000000
YQQ,0.000000
YQR,0.000000
YQT,142228.000000
YQU,0.000000
YQV,0.000000
YQW,0.000000
YQX,0.000000
YQY,0.000000
YQZ,0.000000
YRB,6417.000000
YRI,0.000000
YRJ,0.000000
YRM,0.000000
YRT,40278.000000
YSB,28.000000
YSC,0.000000
YSJ,0.000000
YSM,2.000000
YSR,0.000000
YSU,0.000000
YSY,0.000000
YTE,0.000000
YTH,6.000000
YTR,0.000000
YTS,35134.000000
YTZ,0.000000
YUB,0.000000
YUL,293684.000000
YUT,0.000000
YUX,0.000000
YUY,6.000000
YVC,0.000000
YVG,0.000000
YVM,0.000000
YVO,25515.000000
YVP,42299.000000
YVQ,44829.000000
YVR,222176.000000
YVT,0.000000
YVV,0.000000
YWA,0.000000
YWG,122841.000000
YWK,14119.000000
YWL,0.000000
YWY,0.000000
YXC,0.000000
YXD,0.000000
YXE,0.000000
YXH,0.000000
YXJ,0.000000
YXL,91479.000000
YXP,6417.000000
YXR,0.000000
YXS,6413.000000
YXT,0.000000
YXU,0.000000
YXX,0.000000
YXY,0.000000
YYB,0.000000
YYC,111623.000000
YYD,0.000000
YYE,0.000000
YYF,0.000000
YYG,0.000000
YYH,0.000000
YYJ,0.000000
YYL,0.000000
YYN,0.000000
YYQ,2382.000000
YYR,45656.000000
YYT,35874.000000
YYU,0.000000
YYW,0.000000
YYY,84.000000
YYZ,480450.000000
YZD,0.000000
YZE,0.000000
YZF,130814.000000
YZH,0.000000
YZP,0.000000
YZR,0.000000
YZT,0.000000
YZU,0.000000
YZV,77325.000000
YZW,0.000000
YZX,0.000000
ZFA,0.000000
ZFM,0.000000
QLD,0.000000
BUJ,0.000000
BJA,0.000000
ALG,111531.000000
DJG,0.000000
VVZ,0.000000
TMR,6.000000
GJL,0.000000
MZW,0.000000
AAE,0.000000
CZL,129.000000
TEE,0.000000
HRM,0.000000
TID,0.000000
TIN,0.000000
CFK,0.000000
TAF,0.000000
TLM,0.000000
ORN,9265.000000
BFW,0.000000
MUW,0.000000
AZR,6419.000000
BSK,0.000000
ELG,4.000000
GHA,3203.000000
HME,6355.000000
INZ,2.000000
TGR,0.000000
LOO,0.000000
TMX,0.000000
OGX,9672.000000
IAM,5.000000
COO,5705.000000
OUA,5100.000000
BOY,0.000000
ACC,32198.000000
TML,0.000000
NYI,0.000000
TKD,0.000000
ABJ,10134.000000
BYK,0.000000
DJO,0.000000
HGO,0.000000
MJC,0.000000
SPY,0.000000
ASK,0.000000
ABV,39918.000000
AKR,0.000000
BNI,0.000000
CBQ,0.000000
ENU,0.000000
IBA,0.000000
ILR,0.000000
JOS,0.000000
KAD,0.000000
KAN,0.000000
MIU,0.000000
MDI,0.000000
LOS,68612.000000
MXJ,0.000000
PHC,1702.000000
SKO,0.000000
YOL,0.000000
ZAR,0.000000
MFQ,0.000000
NIM,3983.000000
THZ,0.000000
AJY,0.000000
ZND,0.000000
MIR,0.000000
TUN,34612.000000
GAF,0.000000
GAE,0.000000
DJE,0.000000
EBM,0.000000
SFA,0.000000
TOE,3207.000000
LRL,0.000000
LFW,3947.000000
ANR,0.000000
BRU,172013.000000
CRL,646.000000
KJK,0.000000
LGG,3208.000000
OST,0.000000
OBL,0.000000
AOC,0.000000
IES,0.000000
REB,0.000000
QXH,0.000000
BBH,0.000000
ZMG,0.000000
CBU,0.000000
SXF,182.000000
DRS,0.000000
ERF,0.000000
FRA,482255.000000
FMO,0.000000
HAM,2851.000000
THF,0.000000
CGN,849.000000
DUS,29363.000000
MUC,209088.000000
NUE,173.000000
LEJ,0.000000
SCN,0.000000
STR,2969.000000
TXL,35070.000000
HAJ,0.000000
BRE,275.000000
QEF,0.000000
HHN,187.000000
MHG,0.000000
EIB,0.000000
SGE,0.000000
XFW,0.000000
KEL,0.000000
LBC,0.000000
ESS,0.000000
BFE,0.000000
MGL,0.000000
PAD,0.000000
DTM,63.000000
AGB,0.000000
OBF,0.000000
RBM,0.000000
FDH,0.000000
SZW,0.000000
BYU,0.000000
URD,0.000000
HOQ,0.000000
ZQW,0.000000
ZQL,0.000000
BWE,0.000000
KSF,0.000000
BRV,0.000000
EME,0.000000
WVN,0.000000
BMK,0.000000
NRD,0.000000
FLF,0.000000
GWT,0.000000
KDL,0.000000
URE,0.000000
EPU,0.000000
TLL,17010.000000
TAY,0.000000
ENF,0.000000
KEV,0.000000
HEM,0.000000
HEL,130556.000000
HYV,0.000000
KTQ,0.000000
IVL,3209.000000
JOE,0.000000
JYV,0.000000
KAU,0.000000
KEM,0.000000
KAJ,0.000000
KHJ,0.000000
KOK,0.000000
KAO,0.000000
KTT,3208.000000
KUO,0.000000
QLF,0.000000
LPP,0.000000
MHQ,0.000000
MIK,0.000000
OUL,0.000000
POR,0.000000
RVN,0.000000
SVL,0.000000
SOT,0.000000
TMP,0.000000
TKU,0.000000
UTI,0.000000
VAA,0.000000
VRK,0.000000
YLI,0.000000
BFS,0.000000
ENK,0.000000
BHD,4.000000
LDY,0.000000
BHX,7116.000000
CVT,0.000000
GLO,0.000000
GBA,0.000000
MAN,122432.000000
NQY,1162.000000
LYE,0.000000
YEO,0.000000
HAW,0.000000
CWL,6660.000000
SWS,0.000000
BRS,4382.000000
LPL,834.000000
LTN,15595.000000
PLH,0.000000
BOH,0.000000
SOU,6698.000000
QLA,0.000000
ACI,0.000000
GCI,3480.000000
JER,8577.000000
ESH,0.000000
BQH,0.000000
LGW,55510.000000
LCY,21805.000000
FAB,0.000000
BBS,0.000000
LHR,1207419.000000
SEN,0.000000
LYX,0.000000
MSE,0.000000
CAX,0.000000
BLK,0.000000
HUY,0.000000
BWF,0.000000
LBA,73.000000
WRT,0.000000
CEG,0.000000
IOM,6431.000000
NCL,187.000000
MME,0.000000
EMA,2594.000000
KOI,38459.000000
LSI,0.000000
WIC,0.000000
ABZ,50195.000000
INV,16.000000
GLA,35853.000000
EDI,32605.000000
ILY,0.000000
PIK,6.000000
BEB,0.000000
SCS,0.000000
DND,0.000000
SYY,2.000000
TRE,0.000000
ADX,0.000000
LMO,0.000000
CBG,0.000000
NWI,0.000000
STN,26021.000000
EXT,17207.000000
FZO,0.000000
OXF,0.000000
BEX,0.000000
LKZ,0.000000
MHZ,0.000000
QUY,0.000000
FFD,0.000000
BZZ,0.000000
ODH,0.000000
NHT,0.000000
QCY,0.000000
BEQ,0.000000
SQZ,0.000000
HRT,0.000000
WTN,0.000000
KNF,0.000000
MPN,2.000000
AMS,312288.000000
MST,1.000000
EIN,896.000000
GRQ,0.000000
GLZ,0.000000
DHR,0.000000
LEY,0.000000
LWR,0.000000
RTM,66.000000
UTC,0.000000
ENS,0.000000
LID,0.000000
WOE,0.000000
ORK,0.000000
GWY,0.000000
DUB,43003.000000
NOC,0.000000
KIR,0.000000
SNN,0.000000
SXL,0.000000
WAT,0.000000
AAR,0.000000
BLL,2432.000000
CPH,168557.000000
EBJ,0.000000
KRP,0.000000
BYR,0.000000
MRW,0.000000
ODE,0.000000
RKE,0.000000
RNN,0.000000
SGD,0.000000
SKS,0.000000
SQW,0.000000
TED,0.000000
FAE,0.000000
STA,0.000000
AAL,73.000000
LUX,63.000000
AES,0.000000
ANX,1.000000
ALF,12533.000000
BNN,1.000000
BOO,32089.000000
BGO,7318.000000
BJF,10.000000
KRS,0.000000
DLD,0.000000
BDU,0.000000
EVE,1.000000
VDB,0.000000
FRO,0.000000
OSL,233490.000000
HAU,0.000000
HAA,0.000000
KSU,0.000000
KKN,12624.000000
FAN,0.000000
MOL,0.000000
MJF,4.000000
LKL,0.000000
NTB,0.000000
OLA,0.000000
RRS,0.000000
RYG,28.000000
LYR,0.000000
SKE,0.000000
SRP,0.000000
SSJ,1.000000
TOS,45321.000000
TRF,112.000000
TRD,26625.000000
SVG,12052.000000
GDN,3851.000000
KRK,47.000000
KTW,44.000000
POZ,12.000000
RZE,0.000000
SZZ,0.000000
OSP,0.000000
WAW,14943.000000
WRO,284.000000
IEG,0.000000
RNB,0.000000
GOT,13369.000000
JKG,0.000000
LDK,0.000000
GSE,142.000000
KVB,0.000000
THN,0.000000
KSK,0.000000
MXX,0.000000
NYO,18.000000
KID,0.000000
OSK,0.000000
KLR,0.000000
MMX,12758.000000
HAD,5.000000
VXO,0.000000
EVG,0.000000
GEV,0.000000
HUV,0.000000
KRF,0.000000
LYC,6417.000000
SDL,0.000000
OER,0.000000
KRN,0.000000
SFT,0.000000
UME,0.000000
VHM,6417.000000
AJR,0.000000
ORB,0.000000
VST,0.000000
LLA,2950.000000
ARN,200974.000000
BMA,17881.000000
BLE,0.000000
HLF,0.000000
GVX,0.000000
LPI,0.000000
NRK,0.000000
EKT,0.000000
VBY,1698.000000
SPM,0.000000
RMS,0.000000
GHF,0.000000
ZCN,0.000000
FRZ,0.000000
ZNF,0.000000
KZG,0.000000
FCN,0.000000
GKE,0.000000
RLG,0.000000
WBG,0.000000
WIE,0.000000
FEL,0.000000
IGS,0.000000
GUT,0.000000
ALJ,0.000000
AGZ,0.000000
BIY,0.000000
BFN,0.000000
CPT,12203.000000
DUR,0.000000
ELS,0.000000
FCB,0.000000
GCJ,0.000000
GRJ,0.000000
HRS,0.000000
HDS,0.000000
JNB,390034.000000
KXE,0.000000
KIM,0.000000
KMH,0.000000
KLZ,0.000000
HLA,0.000000
SDB,0.000000
LAY,0.000000
MGH,0.000000
LLE,0.000000
MZQ,0.000000
NCS,0.000000
OVG,0.000000
OUH,0.000000
PLZ,0.000000
PBZ,0.000000
PHW,0.000000
JOH,0.000000
PZB,0.000000
NTY,0.000000
PTG,0.000000
PCF,0.000000
UTW,0.000000
RCB,0.000000
ROD,0.000000
SBU,0.000000
ZEC,0.000000
SIS,0.000000
SZK,0.000000
LTA,0.000000
ULD,0.000000
UTN,0.000000
UTT,0.000000
VRU,0.000000
VIR,0.000000
VRE,0.000000
PRY,0.000000
WKF,0.000000
FRW,0.000000
JWA,0.000000
BBK,0.000000
MUB,0.000000
GBE,0.000000
PKW,0.000000
BZV,16267.000000
FTX,0.000000
OUE,0.000000
PNR,6417.000000
MTS,0.000000
BGF,0.000000
BBT,0.000000
BSG,0.000000
SSG,4546.000000
ASI,0.000000
MRU,23257.000000
RRG,0.000000
NKW,0.000000
TKC,0.000000
DLA,26477.000000
MVR,0.000000
FOM,0.000000
NGE,0.000000
GOU,0.000000
BFX,0.000000
BPC,0.000000
YAO,0.000000
CGJ,0.000000
LVI,30.000000
LUN,24162.000000
MFU,0.000000
MNR,0.000000
NLA,6428.000000
KIW,0.000000
HAH,2505.000000
NWA,0.000000
AJN,0.000000
DZA,12195.000000
RUN,10683.000000
ZSE,0.000000
TNR,63450.000000
ZVA,0.000000
SMS,0.000000
TMM,6423.000000
MOQ,0.000000
DIE,3.000000
WMR,0.000000
ZWA,0.000000
AMB,0.000000
ANM,0.000000
HVA,0.000000
MJN,0.000000
NOS,0.000000
BPY,0.000000
WMN,6.000000
SVB,2.000000
VOH,0.000000
WAI,0.000000
IVA,0.000000
FTU,0.000000
WFI,0.000000
RVA,0.000000
WVK,0.000000
MNJ,0.000000
MXM,0.000000
TLE,2.000000
SSY,0.000000
BUG,0.000000
CAB,0.000000
NOV,0.000000
SVP,0.000000
LAD,116226.000000
MEG,0.000000
SPP,0.000000
GXG,0.000000
PBN,0.000000
VHC,0.000000
SZA,0.000000
SDD,0.000000
LUO,0.000000
UGO,0.000000
XGN,0.000000
OYE,0.000000
OKN,0.000000
LBQ,0.000000
BMM,0.000000
POG,0.000000
OMB,0.000000
MKU,0.000000
LBV,63.000000
MVB,0.000000
PCP,0.000000
TMS,0.000000
BEW,4.000000
INH,0.000000
VXC,0.000000
LFB,0.000000
MPM,12824.000000
MUD,0.000000
MZB,0.000000
MNC,0.000000
APL,166.000000
POL,0.000000
UEL,0.000000
TET,6251.000000
VNX,0.000000
DES,0.000000
SEZ,6417.000000
PRI,0.000000
AEH,0.000000
MQQ,0.000000
NDJ,3298.000000
FYT,0.000000
BUQ,0.000000
BFO,0.000000
VFA,0.000000
HRE,18098.000000
KAB,0.000000
UTA,0.000000
MVZ,0.000000
GWE,0.000000
HWN,0.000000
BLZ,0.000000
KGJ,0.000000
KBQ,0.000000
LLW,4.000000
ZZU,0.000000
MSU,0.000000
FIH,91345.000000
NLO,0.000000
MNB,0.000000
FDU,0.000000
KKW,0.000000
MDK,9624.000000
BDT,0.000000
GMA,0.000000
KLI,0.000000
LIQ,0.000000
FKI,25635.000000
IRP,3202.000000
BUX,3209.000000
BZU,0.000000
BKY,6423.000000
GOM,12839.000000
KND,12818.000000
FBM,7617.000000
KWZ,0.000000
FMI,0.000000
KMN,0.000000
KGA,6.000000
MJM,0.000000
BKO,1566.000000
GAQ,0.000000
KYS,0.000000
MZI,0.000000
TOM,0.000000
BJL,82.000000
FUE,6.000000
VDE,0.000000
SPC,0.000000
LPA,20231.000000
ACE,109.000000
TFS,1952.000000
TFN,14970.000000
MLN,0.000000
FNA,4657.000000
MLW,0.000000
ROB,346.000000
AGA,6.000000
TTA,0.000000
FEZ,4417.000000
ERH,0.000000
MEK,0.000000
OUD,0.000000
GMD,0.000000
RBA,0.000000
CMN,39721.000000
RAK,38.000000
NNA,0.000000
OZZ,0.000000
AHU,3208.000000
TTU,3209.000000
TNG,0.000000
ZIG,3209.000000
CSK,0.000000
KLC,0.000000
DKR,47136.000000
XLS,0.000000
BXE,0.000000
KGG,0.000000
TUD,0.000000
AEO,0.000000
TIY,0.000000
KFA,0.000000
EMN,0.000000
KED,0.000000
NKC,347.000000
SEY,0.000000
ATR,0.000000
NDB,17.000000
FIG,0.000000
FAA,0.000000
LEK,0.000000
SID,6502.000000
BVC,6.000000
MMO,0.000000
SNE,0.000000
VXE,0.000000
ADD,112490.000000
AMH,0.000000
AXU,0.000000
BJR,3207.000000
DIR,0.000000
GMB,0.000000
GDQ,0.000000
JIM,0.000000
LLI,4.000000
MQX,0.000000
ASO,0.000000
BJM,0.000000
HGA,1581.000000
BBO,7047.000000
KMU,0.000000
ALY,0.000000
ABS,0.000000
CAI,67053.000000
CWE,0.000000
HRG,0.000000
EGH,0.000000
LXR,0.000000
MUH,0.000000
PSD,0.000000
SKV,0.000000
ASW,6417.000000
ELT,0.000000
EDL,3208.000000
GGM,0.000000
KIS,0.000000
KTL,0.000000
LOK,0.000000
LAU,8.000000
MBA,0.000000
WIL,48076.000000
WJR,2888.000000
GHT,0.000000
AKF,0.000000
BEN,6382.000000
SEB,0.000000
TIP,23817.000000
LMQ,0.000000
HUQ,0.000000
LTD,0.000000
GYI,0.000000
KGL,12644.000000
KME,0.000000
DOG,0.000000
RSS,0.000000
ELF,0.000000
KSL,0.000000
KDX,0.000000
EBD,0.000000
JUB,18.000000
MAK,0.000000
KRT,23449.000000
ARK,0.000000
DAR,36870.000000
DOD,0.000000
IRI,0.000000
JRO,56612.000000
LKY,0.000000
MYW,0.000000
MWZ,6417.000000
PMA,0.000000
TGT,0.000000
ZNZ,3208.000000
EBB,15101.000000
SRT,0.000000
TIA,413.000000
BOJ,0.000000
GOZ,0.000000
PDV,0.000000
SOF,1955.000000
SZR,0.000000
VAR,0.000000
LCA,903.000000
PFO,27.000000
AKT,0.000000
DBV,254.000000
OSI,0.000000
PUY,0.000000
RJK,0.000000
SPU,1656.000000
ZAG,11382.000000
ZAD,5.000000
ABC,0.000000
ALC,7791.000000
LEI,0.000000
OVD,0.000000
ODB,0.000000
BIO,11.000000
BCN,180114.000000
BJZ,0.000000
LCG,0.000000
GRO,411.000000
GRX,0.000000
IBZ,7706.000000
XRY,0.000000
MJV,0.000000
MAD,339256.000000
AGP,7672.000000
MAH,0.000000
OZP,0.000000
PNA,0.000000
REU,0.000000
ROZ,0.000000
SLM,0.000000
EAS,0.000000
SCQ,4.000000
LEU,0.000000
TOJ,0.000000
VLC,75.000000
VLL,0.000000
VIT,0.000000
VGO,0.000000
SDR,0.000000
ZAZ,0.000000
SVQ,135.000000
CQF,0.000000
BYF,0.000000
LTQ,0.000000
XVS,0.000000
AGF,0.000000
BOD,119.000000
EGC,37.000000
CNG,0.000000
PIS,1729.000000
MCU,0.000000
LIG,46.000000
NIT,0.000000
TLS,17741.000000
PUF,0.000000
LDE,0.000000
ANG,0.000000
BVE,0.000000
PGX,0.000000
BIQ,0.000000
ZAO,0.000000
LBI,0.000000
DCM,0.000000
RDZ,0.000000
RYN,0.000000
XMW,0.000000
RCO,0.000000
CMR,0.000000
DLE,0.000000
OBS,0.000000
LPY,0.000000
ETZ,0.000000
BIA,10902.000000
CLY,444.000000
FSC,6419.000000
AJA,10101.000000
PRP,0.000000
SOZ,0.000000
AUF,0.000000
CMF,0.000000
CFE,0.000000
BOU,0.000000
QNJ,0.000000
LYS,46814.000000
SYT,0.000000
RNE,0.000000
NCY,0.000000
GNB,0.000000
VAF,0.000000
VHY,0.000000
AUR,0.000000
CHR,0.000000
LYN,0.000000
CEQ,0.000000
EBU,0.000000
CCF,0.000000
MRS,69753.000000
NCE,12739.000000
XOG,0.000000
PGF,0.000000
CTT,0.000000
MPL,4.000000
BZR,0.000000
AVN,0.000000
MEN,0.000000
BVA,355.000000
EVX,0.000000
LEH,0.000000
XAB,0.000000
ORE,0.000000
XCR,0.000000
URO,0.000000
TUF,0.000000
CET,0.000000
LVA,0.000000
LBG,0.000000
CSF,0.000000
CDG,671505.000000
TNF,0.000000
ORY,156830.000000
POX,0.000000
VIY,0.000000
NVS,0.000000
XME,0.000000
LIL,1.000000
HZB,0.000000
XCZ,0.000000
BES,0.000000
CER,0.000000
DNR,0.000000
LBY,0.000000
GFR,0.000000
DOL,0.000000
LRT,0.000000
EDM,0.000000
LDV,0.000000
CFR,0.000000
LME,0.000000
RNS,95.000000
LAI,0.000000
UIP,0.000000
NTE,2661.000000
SBK,0.000000
MXN,0.000000
VNE,0.000000
SNR,0.000000
BSL,2548.000000
DIJ,0.000000
MZM,0.000000
EPL,0.000000
ENC,0.000000
RHE,0.000000
SXB,0.000000
TLN,0.000000
FNI,0.000000
MQC,0.000000
FSP,0.000000
PYR,0.000000
AGQ,0.000000
AXD,0.000000
VOL,0.000000
JKH,0.000000
IOA,0.000000
HER,369.000000
KSO,0.000000
KIT,0.000000
EFL,0.000000
KLX,0.000000
KGS,54.000000
AOK,6411.000000
CFU,7.000000
KSJ,2.000000
KVA,0.000000
KZI,0.000000
LRS,2.000000
LXS,0.000000
LRA,0.000000
JMK,0.000000
MJT,0.000000
PVK,16.000000
RHO,8389.000000
GPA,0.000000
CHQ,62.000000
JSI,0.000000
SMI,0.000000
SPJ,0.000000
JTR,0.000000
JSH,4.000000
SKU,0.000000
SKG,4366.000000
ZTH,0.000000
BUD,1734.000000
DEB,0.000000
CRV,0.000000
BRI,38.000000
FOG,0.000000
TAR,0.000000
LCC,0.000000
PSR,0.000000
BDS,8.000000
SUF,2.000000
CTA,5187.000000
LMP,0.000000
PNL,0.000000
PMO,6794.000000
REG,0.000000
TPS,93.000000
NSY,0.000000
AHO,213.000000
DCI,0.000000
CAG,12072.000000
OLB,0.000000
TTB,0.000000
MXP,27305.000000
BGY,17170.000000
TRN,190.000000
ALL,0.000000
GOA,0.000000
LIN,16601.000000
PMF,0.000000
CUF,0.000000
AVB,0.000000
BZO,0.000000
BLQ,2507.000000
TSF,38.000000
FRL,0.000000
VBS,0.000000
TRS,0.000000
RMI,0.000000
VIC,0.000000
QPA,0.000000
VRN,760.000000
VCE,2437.000000
SAY,0.000000
CIA,59.000000
FCO,135252.000000
EBA,4.000000
QLT,0.000000
NAP,42.000000
PSA,932.000000
FLR,244.000000
GRS,0.000000
PEG,0.000000
LJU,34.000000
MBX,0.000000
POW,0.000000
UHE,0.000000
KLV,0.000000
OSR,0.000000
PED,0.000000
PRV,0.000000
PRG,51783.000000
BRQ,0.000000
VOD,0.000000
TLV,27600.000000
BEV,0.000000
ETH,12830.000000
EIY,0.000000
HFA,0.000000
RPN,0.000000
MTZ,0.000000
VTM,0.000000
VDA,0.000000
MIP,0.000000
SDV,0.000000
MLA,3471.000000
GRZ,0.000000
INN,0.000000
LNZ,0.000000
SZG,0.000000
VIE,195029.000000
AVR,0.000000
SMA,0.000000
BGC,0.000000
BYJ,0.000000
BGZ,0.000000
CAT,0.000000
FLW,7.000000
FAO,1647.000000
GRW,0.000000
HOR,6408.000000
TER,18472.000000
QLR,0.000000
PDL,7204.000000
PIX,0.000000
PRM,0.000000
OPO,30798.000000
PXO,0.000000
LIS,102310.000000
SJZ,0.000000
VRL,0.000000
VSE,0.000000
OMO,0.000000
SJJ,100.000000
ARW,0.000000
BCM,0.000000
BAY,0.000000
BBU,0.000000
CND,0.000000
CLJ,0.000000
CSB,0.000000
CRA,0.000000
IAS,0.000000
OMR,0.000000
OTP,36999.000000
SBZ,0.000000
SUJ,0.000000
SCV,0.000000
TCE,0.000000
TGM,0.000000
TSR,0.000000
GVA,9313.000000
SIR,0.000000
EML,0.000000
LUG,0.000000
BRN,0.000000
ZHI,0.000000
ZRH,38365.000000
ACH,0.000000
SMV,0.000000
ESB,19512.000000
ANK,0.000000
ADA,0.000000
UAB,0.000000
AFY,0.000000
AYT,2913.000000
GZT,0.000000
KYA,0.000000
MZH,0.000000
VAS,0.000000
MLX,0.000000
ASR,0.000000
TJK,0.000000
DNZ,0.000000
ISL,0.000000
BZI,0.000000
BDM,0.000000
ESK,0.000000
ADB,4125.000000
IGL,0.000000
KCO,0.000000
DLM,207.000000
BXN,0.000000
EZS,0.000000
DIY,0.000000
ERC,0.000000
ERZ,0.000000
TZX,0.000000
VAN,0.000000
BAL,0.000000
SXZ,0.000000
BZY,0.000000
KIV,1369.000000
OHD,0.000000
SKP,0.000000
GIB,0.000000
BEG,10066.000000
INI,0.000000
TGD,0.000000
PRN,0.000000
TIV,0.000000
BTS,40.000000
KSC,0.000000
PZY,0.000000
SLD,0.000000
TAT,0.000000
NCA,0.000000
PLS,25617.000000
XSC,0.000000
BRX,0.000000
CBJ,0.000000
LRM,0.000000
PUJ,1619.000000
POP,83.000000
SDQ,3728.000000
STI,0.000000
CBV,0.000000
GUA,4874.000000
RER,0.000000
GSJ,0.000000
LCE,9632.000000
SAP,23.000000
GJA,0.000000
RTB,0.000000
TEA,0.000000
TGU,6536.000000
TJI,0.000000
OCJ,0.000000
KIN,16.000000
MBJ,49.000000
POT,0.000000
KTP,0.000000
ACA,634.000000
NTR,0.000000
AGU,0.000000
HUX,0.000000
CVJ,0.000000
ACN,0.000000
CME,0.000000
NCG,0.000000
CUL,3.000000
CTM,0.000000
CEN,0.000000
CPE,0.000000
CJS,0.000000
CUU,0.000000
CVM,0.000000
CZM,0.000000
DGO,0.000000
TPQ,0.000000
ESE,0.000000
GDL,6148.000000
GYM,0.000000
TCN,0.000000
HMO,5495.000000
CLQ,0.000000
ISJ,0.000000
SLW,0.000000
IZT,0.000000
LZC,0.000000
LMM,0.000000
BJX,0.000000
LAP,0.000000
LTO,0.000000
MAM,0.000000
MID,6.000000
MXL,0.000000
MLM,0.000000
MTT,0.000000
LOV,0.000000
MEX,253041.000000
MTY,10389.000000
MZT,0.000000
NOG,0.000000
NLD,0.000000
OAX,0.000000
PAZ,0.000000
PBC,0.000000
PPE,0.000000
PDS,0.000000
UPN,0.000000
PVR,0.000000
PXM,0.000000
QRO,0.000000
REX,0.000000
SJD,0.000000
SFH,0.000000
SLP,0.000000
TRC,0.000000
TGZ,0.000000
TIJ,317.000000
TAM,0.000000
TSL,0.000000
TLC,0.000000
TAP,0.000000
CUN,12464.000000
VSA,0.000000
VER,0.000000
ZCL,0.000000
ZIH,0.000000
ZMM,0.000000
ZLO,0.000000
BEF,0.000000
MGA,15.000000
PUZ,0.000000
BOC,22438.000000
CHX,0.000000
DAV,0.000000
BLB,0.000000
PAC,12832.000000
SYP,0.000000
PTY,13953.000000
BAI,0.000000
OTR,0.000000
JAP,0.000000
GLF,0.000000
GPL,0.000000
LIR,6417.000000
LSL,0.000000
LIO,0.000000
NOB,0.000000
SJO,94157.000000
PMZ,0.000000
XQP,3208.000000
TOO,0.000000
SAL,810.000000
CYA,0.000000
CAP,0.000000
JAK,0.000000
PAP,6394.000000
BCA,0.000000
BYM,0.000000
AVI,0.000000
CCC,3.000000
CFG,0.000000
CYO,0.000000
CMW,0.000000
SCU,7.000000
NBW,0.000000
GAO,0.000000
HAV,21699.000000
HOG,0.000000
LCL,0.000000
MOA,0.000000
MZO,0.000000
GER,0.000000
UPB,0.000000
QPD,0.000000
SNU,3.000000
SZJ,0.000000
USS,0.000000
VRA,0.000000
VTU,0.000000
CYB,0.000000
GCM,25523.000000
MAY,0.000000
ASD,0.000000
MHH,0.000000
SAQ,0.000000
AXP,0.000000
TCB,0.000000
CCZ,0.000000
GHC,0.000000
BIM,0.000000
GGT,0.000000
ELH,0.000000
GHB,0.000000
NMC,0.000000
RSD,0.000000
TYM,0.000000
FPO,0.000000
IGA,0.000000
LGI,0.000000
SML,0.000000
MYG,0.000000
NAS,77207.000000
DCT,0.000000
RCY,0.000000
ZSA,0.000000
BZE,12704.000000
AIT,0.000000
RAR,32064.000000
NAN,159701.000000
SUV,25674.000000
TBU,0.000000
VAV,0.000000
TRW,375.000000
TBF,0.000000
WLS,6417.000000
APW,0.000000
PPG,0.000000
RUR,1.000000
TUB,1.000000
AAA,0.000000
FGU,0.000000
TIH,0.000000
REA,0.000000
FAV,0.000000
XMH,2.000000
GMR,0.000000
KKR,3208.000000
MKP,3207.000000
PKP,0.000000
TKP,0.000000
AXR,3209.000000
MVT,0.000000
TKX,6417.000000
NHV,12826.000000
BOB,7.000000
RGI,13.000000
HUH,1.000000
MOZ,0.000000
HOI,6418.000000
MAU,0.000000
RFP,1.000000
VLI,110097.000000
KNQ,0.000000
KOC,8.000000
LIF,2.000000
GEA,64.000000
MEE,0.000000
TOU,0.000000
UVE,0.000000
NOU,0.000000
AKL,160051.000000
TUO,0.000000
AMZ,0.000000
CHC,14305.000000
CHT,0.000000
DUD,0.000000
GIS,0.000000
GTN,0.000000
HKK,0.000000
HLZ,0.000000
KKE,0.000000
KAT,0.000000
ALR,0.000000
MON,0.000000
TEU,0.000000
MRO,0.000000
NPL,0.000000
NSN,0.000000
IVC,0.000000
OHA,0.000000
OAM,0.000000
PMR,2.000000
PPQ,0.000000
ZQN,0.000000
ROT,0.000000
TRG,0.000000
TIU,0.000000
TWZ,0.000000
BHE,0.000000
WKA,0.000000
WHK,0.000000
WLG,12949.000000
WIR,0.000000
WRE,0.000000
WSZ,0.000000
WAG,0.000000
HEA,0.000000
JAA,0.000000
KBL,20662.000000
KDH,0.000000
MMZ,0.000000
MZR,0.000000
OAH,0.000000
UND,0.000000
BAH,28769.000000
AHB,0.000000
HOF,0.000000
ABT,0.000000
BHH,0.000000
DMM,3762.000000
DHA,0.000000
GIZ,0.000000
ELQ,0.000000
URY,0.000000
HAS,0.000000
QJB,0.000000
JED,101404.000000
KMC,0.000000
MED,2417.000000
EAM,0.000000
AQI,0.000000
RAH,0.000000
RUH,65307.000000
RAE,0.000000
SHW,0.000000
SLF,0.000000
TUU,0.000000
TIF,0.000000
TUI,0.000000
EJH,0.000000
YNB,0.000000
ABD,0.000000
DEF,0.000000
AKW,0.000000
GCH,0.000000
OMI,0.000000
MRX,0.000000
AWZ,36351.000000
AEU,0.000000
BUZ,0.000000
KIH,8.000000
BDH,0.000000
KHK,0.000000
SXI,0.000000
LVP,0.000000
KSH,0.000000
SDG,0.000000
IFH,0.000000
KKS,0.000000
IFN,3864.000000
RAS,0.000000
AJK,0.000000
THR,97521.000000
GZW,0.000000
BND,25337.000000
JYR,0.000000
KER,0.000000
HDR,0.000000
SYJ,0.000000
XBJ,0.000000
CKT,0.000000
RUD,0.000000
TCX,0.000000
KLM,0.000000
RZR,0.000000
FAZ,0.000000
JAR,0.000000
LFM,0.000000
SYZ,58070.000000
KHY,0.000000
TBZ,9201.000000
JWN,0.000000
AZD,0.000000
ACZ,0.000000
ZBR,0.000000
ZAH,83.000000
IHR,0.000000
AMM,69462.000000
ADJ,0.000000
AQJ,0.000000
OMF,0.000000
KWI,90732.000000
BEY,1067.000000
KYE,0.000000
AUH,186624.000000
AZI,6417.000000
DHF,0.000000
DXB,493916.000000
FJR,0.000000
RKT,0.000000
SHJ,1078.000000
KHS,0.000000
MSH,0.000000
MCT,29561.000000
SLL,0.000000
TTH,0.000000
BHW,0.000000
LYP,0.000000
GWD,0.000000
GIL,0.000000
JAG,0.000000
KHI,45278.000000
LHE,3700.000000
XJM,0.000000
MFG,0.000000
MWD,0.000000
MJD,0.000000
MUX,0.000000
WNS,0.000000
PJG,0.000000
PSI,0.000000
PEW,12285.000000
UET,6495.000000
RYK,0.000000
RAZ,0.000000
SKZ,0.000000
SDT,0.000000
SUL,0.000000
BDN,0.000000
WAF,0.000000
PZH,2.000000
BSR,0.000000
ALP,0.000000
DAM,0.000000
DEZ,0.000000
LTK,0.000000
PMS,0.000000
DIA,0.000000
CIS,0.000000
ROP,0.000000
SPN,0.000000
UAM,0.000000
GUM,29468.000000
TIQ,0.000000
MAJ,8392.000000
KWA,2045.000000
CXI,0.000000
MDY,0.000000
TKK,10867.000000
PNI,4515.000000
ROR,708.000000
KSA,0.000000
YAP,0.000000
KNH,0.000000
TTT,0.000000
GNI,0.000000
KHH,423.000000
CYI,0.000000
KYD,0.000000
RMQ,1425.000000
TNN,0.000000
HSZ,0.000000
MZG,0.000000
PIF,0.000000
TSA,23247.000000
TPE,72484.000000
WOT,0.000000
HUN,0.000000
NRT,177093.000000
MMJ,0.000000
IBR,0.000000
MUS,0.000000
IWO,0.000000
SHM,0.000000
OBO,0.000000
CTS,39565.000000
HKD,0.000000
MMB,0.000000
SHB,0.000000
WKJ,0.000000
IKI,0.000000
UBJ,0.000000
TSJ,0.000000
MBE,0.000000
AKJ,0.000000
OIR,0.000000
RIS,0.000000
KUM,0.000000
FUJ,0.000000
FUK,17832.000000
TNE,0.000000
KOJ,0.000000
KMI,0.000000
OIT,0.000000
KKJ,0.000000
KMJ,3837.000000
NGS,10994.000000
ASJ,0.000000
OKE,0.000000
TKN,0.000000
FKJ,0.000000
QGU,0.000000
KMQ,0.000000
OKI,0.000000
TOY,0.000000
HIJ,0.000000
OKJ,0.000000
IZO,0.000000
YGJ,0.000000
KCZ,1195.000000
MYJ,0.000000
ITM,9067.000000
TTJ,0.000000
TKS,0.000000
TAK,0.000000
AOJ,0.000000
GAJ,0.000000
SDS,0.000000
HHE,0.000000
HNA,0.000000
AXT,0.000000
MSJ,0.000000
SDJ,0.000000
NJA,0.000000
HAC,0.000000
OIM,0.000000
HND,160940.000000
OKO,0.000000
KWJ,0.000000
CHN,0.000000
RSU,0.000000
KAG,0.000000
CJU,34726.000000
CHF,0.000000
PUS,51.000000
USN,0.000000
SSN,0.000000
OSN,0.000000
GMP,24238.000000
SWU,0.000000
KPO,0.000000
TAE,0.000000
YEC,0.000000
OKA,14101.000000
DNA,0.000000
ISG,0.000000
UEO,0.000000
MMD,0.000000
MMY,0.000000
KTD,0.000000
SHI,0.000000
TRA,0.000000
RNJ,0.000000
OGN,0.000000
MNL,207981.000000
CBO,0.000000
PAG,0.000000
GES,0.000000
ZAM,6417.000000
BAG,0.000000
DTE,0.000000
SJI,0.000000
MBO,0.000000
BQA,0.000000
TAC,0.000000
BCD,0.000000
DGT,0.000000
MPH,0.000000
ILO,0.000000
KLO,0.000000
PPS,0.000000
EUQ,0.000000
COC,0.000000
GHU,0.000000
JNI,0.000000
PRA,0.000000
ROS,0.000000
SFN,0.000000
AEP,184648.000000
COR,219.000000
FDO,0.000000
LPG,0.000000
EPA,0.000000
HOS,0.000000
GNR,0.000000
MDZ,37.000000
LGS,0.000000
AFA,3208.000000
CTC,0.000000
SDE,0.000000
IRJ,0.000000
TUC,0.000000
UAQ,0.000000
RCU,0.000000
VDR,0.000000
VME,0.000000
LUQ,0.000000
CNQ,0.000000
RES,0.000000
FMA,0.000000
IGR,0.000000
AOL,0.000000
MCS,0.000000
PSS,0.000000
PRQ,0.000000
SLA,0.000000
JUJ,0.000000
ORA,0.000000
ELO,0.000000
OYA,0.000000
RCQ,0.000000
UZU,0.000000
EHL,0.000000
CRD,7.000000
EQS,0.000000
REL,3208.000000
VDM,0.000000
PMY,0.000000
PUD,0.000000
RGA,0.000000
RGL,3222.000000
USH,1.000000
ULA,0.000000
PMQ,0.000000
RZA,0.000000
BHI,0.000000
CSZ,0.000000
OVR,0.000000
GPO,0.000000
OYO,0.000000
MDQ,0.000000
NQN,2.000000
PEH,0.000000
RSA,0.000000
BRC,0.000000
TDL,0.000000
VLG,0.000000
CUT,0.000000
CPC,0.000000
CDJ,3212.000000
AQA,0.000000
AJU,0.000000
AFL,0.000000
ARU,0.000000
BEL,29232.000000
BGX,0.000000
PLU,19252.000000
BFH,0.000000
BSB,89761.000000
BAU,0.000000
BVB,0.000000
BPG,0.000000
CAC,0.000000
CNF,19423.000000
CGR,6463.000000
XAP,0.000000
CLN,0.000000
CCM,0.000000
CAW,0.000000
CMG,0.000000
CWB,26119.000000
CRQ,0.000000
CXJ,0.000000
CGB,43525.000000
CZS,0.000000
PPB,0.000000
MAO,89294.000000
JCR,0.000000
IGU,0.000000
FLN,20138.000000
FEN,0.000000
FOR,8836.000000
GIG,69574.000000
GJM,0.000000
GYN,0.000000
GRU,714964.000000
GUJ,0.000000
ATM,0.000000
ITA,0.000000
ITB,0.000000
IOS,0.000000
IPN,0.000000
ITR,0.000000
IMP,0.000000
JDF,0.000000
JPA,0.000000
JOI,0.000000
CPV,0.000000
VCP,46407.000000
LAJ,0.000000
LIP,0.000000
LDB,0.000000
LAZ,3209.000000
MAB,25684.000000
MEU,0.000000
MGF,0.000000
MOC,0.000000
PLL,0.000000
MCZ,0.000000
MCP,0.000000
MVF,0.000000
MNX,0.000000
NVT,0.000000
GEL,3208.000000
NAT,0.000000
OYK,0.000000
POA,44835.000000
PHB,0.000000
POO,0.000000
PFB,3204.000000
PET,0.000000
PNZ,0.000000
PNB,0.000000
PMG,0.000000
PVH,293.000000
RBR,6417.000000
REC,14707.000000
SDU,23988.000000
RAO,31812.000000
SNZ,0.000000
SJK,0.000000
SLZ,66.000000
CGH,801.000000
SJP,0.000000
SSZ,0.000000
SSA,47692.000000
TMT,0.000000
THE,0.000000
TFF,25656.000000
TRQ,0.000000
TEC,0.000000
TBT,0.000000
TUR,0.000000
SJL,0.000000
PAV,0.000000
URG,0.000000
UDI,4.000000
UBA,0.000000
VAG,0.000000
BVH,0.000000
VIX,41.000000
QPS,0.000000
ARI,0.000000
BBA,0.000000
CCH,0.000000
CJC,0.000000
YAI,0.000000
PUQ,3217.000000
GXQ,0.000000
IQQ,5712.000000
SCL,162056.000000
ANF,6.000000
WPR,0.000000
FFU,0.000000
LSQ,0.000000
WPU,0.000000
CCP,3208.000000
IPC,0.000000
ZOS,0.000000
VLR,0.000000
QRC,0.000000
TNM,0.000000
LSC,0.000000
PZS,0.000000
PMC,16030.000000
WCH,0.000000
ZAL,3208.000000
ATF,0.000000
OCC,0.000000
CUE,0.000000
GPS,0.000000
GYE,28673.000000
LTX,0.000000
MRR,0.000000
XMS,3209.000000
MCH,0.000000
MEC,0.000000
PVO,0.000000
UIO,53581.000000
ETR,0.000000
SNC,0.000000
TPC,0.000000
TUA,0.000000
ASU,309.000000
AYO,0.000000
CIO,0.000000
ESG,0.000000
PIL,0.000000
AXM,0.000000
PUU,6417.000000
ELB,0.000000
BGA,0.000000
BOG,276482.000000
BAQ,0.000000
BSC,0.000000
BUN,0.000000
CUC,0.000000
CTG,0.000000
CLO,15867.000000
TCO,0.000000
CZU,0.000000
EJA,0.000000
FLA,0.000000
GIR,0.000000
GPI,0.000000
IBE,0.000000
IPI,0.000000
APO,0.000000
MCJ,0.000000
LET,6417.000000
EOH,12840.000000
MGN,0.000000
MTR,0.000000
MVP,0.000000
MZL,0.000000
NVA,0.000000
OCV,0.000000
OTU,0.000000
PCR,0.000000
PEI,0.000000
PTX,0.000000
PPN,0.000000
PSO,0.000000
PVA,0.000000
MQU,0.000000
MDE,0.000000
RCH,0.000000
SJE,0.000000
SMR,0.000000
ADZ,6417.000000
SVI,6417.000000
TME,0.000000
AUC,0.000000
UIB,19215.000000
ULQ,0.000000
VUP,0.000000
VVC,6417.000000
BJO,0.000000
CBB,6404.000000
CCA,0.000000
CIJ,0.000000
LPB,65600.000000
ORU,1.000000
POI,0.000000
PSZ,0.000000
SBL,0.000000
SRE,0.000000
TJA,6406.000000
TDD,12842.000000
VLM,0.000000
VVI,26245.000000
BYC,9.000000
PBM,688.000000
CAY,839.000000
OYP,0.000000
AOP,0.000000
IBP,0.000000
PCL,0.000000
CHM,0.000000
CIX,0.000000
AYP,0.000000
ANS,0.000000
ATA,0.000000
LIM,199684.000000
JJI,0.000000
JAU,0.000000
JUL,2.000000
ILQ,0.000000
TBP,0.000000
YMS,0.000000
CHH,0.000000
IQT,2.000000
AQP,3207.000000
TRU,0.000000
PIO,0.000000
TPP,0.000000
TCQ,0.000000
PEM,0.000000
PIU,0.000000
TYL,0.000000
CUZ,9623.000000
DZO,0.000000
MVD,3697.000000
STY,0.000000
AGV,0.000000
AAO,0.000000
BLA,8.000000
BNS,0.000000
BRM,0.000000
CBL,0.000000
CXA,0.000000
CLZ,0.000000
CAJ,0.000000
VCR,0.000000
CUP,0.000000
CZE,0.000000
CUM,0.000000
EOR,0.000000
EOZ,0.000000
GDO,0.000000
GUI,0.000000
GUQ,0.000000
HGE,0.000000
ICC,0.000000
LSP,0.000000
LFR,0.000000
MAR,3165.000000
MRD,0.000000
PMV,4184.000000
CCS,135140.000000
MUN,0.000000
PYH,0.000000
PBL,0.000000
SCI,0.000000
PZO,13107.000000
PTM,0.000000
SVZ,0.000000
SBB,0.000000
SNV,0.000000
STD,0.000000
SNF,0.000000
SFD,0.000000
SOM,0.000000
STB,0.000000
TUV,0.000000
TMO,0.000000
VLN,0.000000
VLV,0.000000
VDP,0.000000
LTM,0.000000
ANU,3087.000000
BGI,8929.000000
DCF,0.000000
DOM,1905.000000
FDF,8493.000000
SFG,0.000000
PTP,7338.000000
GND,787.000000
STT,0.000000
STX,0.000000
BQN,0.000000
FAJ,0.000000
SIG,0.000000
MAZ,0.000000
PSE,0.000000
SJU,57854.000000
SKB,276.000000
SLU,496.000000
UVF,1112.000000
AUA,15357.000000
BON,0.000000
CUR,6292.000000
EUX,0.000000
SXM,28761.000000
AXA,0.000000
TAB,0.000000
POS,4982.000000
EIS,0.000000
CIW,0.000000
MQS,0.000000
SVD,0.000000
ALA,34747.000000
BXH,0.000000
TSE,28957.000000
DMB,0.000000
FRU,6446.000000
OSS,4.000000
CIT,1053.000000
URA,0.000000
PWQ,0.000000
PLX,0.000000
AKX,0.000000
GYD,11808.000000
YKS,47795.000000
MJZ,10.000000
BQS,0.000000
KHV,16662.000000
PVS,0.000000
GDX,0.000000
PWE,0.000000
PKC,0.000000
UUS,12832.000000
VVO,15999.000000
HTA,26.000000
BTK,0.000000
IKT,29911.000000
UUD,0.000000
KBP,14952.000000
DOK,905.000000
DNK,0.000000
SIP,0.000000
IEV,7140.000000
LWO,0.000000
ODS,1679.000000
LED,62878.000000
MMK,60.000000
GME,0.000000
VTB,0.000000
KGD,12.000000
MHP,0.000000
MSQ,938.000000
ABA,0.000000
BAX,0.000000
KEJ,0.000000
OMS,18.000000
KRR,3852.000000
MCX,0.000000
MRV,521.000000
STW,0.000000
ROV,123.000000
AER,508.000000
ASF,0.000000
VOG,0.000000
CEK,0.000000
MQF,0.000000
NJC,541.000000
PEE,0.000000
SGC,0.000000
SVX,27257.000000
ASB,0.000000
KRW,0.000000
CRZ,0.000000
DYU,22447.000000
BHK,0.000000
SKD,0.000000
TAS,16778.000000
BZK,0.000000
SVO,78931.000000
KLD,0.000000
VOZ,0.000000
VKO,43954.000000
SCW,7247.000000
KZN,0.000000
REN,134.000000
UFA,0.000000
KUF,139.000000
AMD,0.000000
AKD,0.000000
IXU,0.000000
BOM,164003.000000
PAB,0.000000
BHJ,0.000000
IXG,0.000000
BDQ,0.000000
BHO,0.000000
BHU,0.000000
NMB,0.000000
GUX,0.000000
GOI,291.000000
IDR,0.000000
JLR,0.000000
JGA,0.000000
IXY,0.000000
HJR,0.000000
KLH,0.000000
IXK,0.000000
NAG,0.000000
ISK,0.000000
PNQ,2.000000
PBD,3208.000000
RAJ,0.000000
RPR,0.000000
SSE,0.000000
STV,0.000000
UDR,0.000000
CMB,59978.000000
ACJ,0.000000
BTC,0.000000
RML,0.000000
ADP,0.000000
JAF,0.000000
TRR,0.000000
KZC,0.000000
PNH,0.000000
REP,6775.000000
TNX,0.000000
IXV,0.000000
IXA,0.000000
AJL,0.000000
IXB,2184.000000
BBI,0.000000
CCU,41625.000000
COH,0.000000
DBD,0.000000
GAY,0.000000
IMF,0.000000
IXW,0.000000
JRH,0.000000
IXH,0.000000
IXS,0.000000
IXI,0.000000
DIB,0.000000
MZU,0.000000
PAT,0.000000
IXR,0.000000
RRK,0.000000
VTZ,0.000000
ZER,0.000000
CXB,0.000000
CGP,35.000000
IRD,0.000000
JSR,0.000000
RJH,0.000000
SPD,3209.000000
ZYL,0.000000
DAC,64935.000000
HKG,536958.000000
AGR,3209.000000
IXD,0.000000
ATQ,0.000000
BKB,0.000000
VNS,3788.000000
KUU,0.000000
BUP,0.000000
BEK,0.000000
IXC,0.000000
KNU,0.000000
DED,0.000000
DEL,250324.000000
GWL,0.000000
HSS,0.000000
JDH,0.000000
JAI,78.000000
JSA,0.000000
IXJ,0.000000
KTU,0.000000
LUH,0.000000
IXL,0.000000
LKO,0.000000
IXP,0.000000
PGH,0.000000
SXR,0.000000
TNI,0.000000
LPQ,0.000000
PKZ,0.000000
ZVK,0.000000
NEU,0.000000
VTE,26890.000000
MFM,0.000000
BWA,0.000000
JKR,0.000000
KTM,58154.000000
PKR,0.000000
SIF,0.000000
BIR,0.000000
AGX,0.000000
BLR,17056.000000
BEP,0.000000
VGA,0.000000
CJB,0.000000
COK,6956.000000
CCJ,649.000000
CDP,0.000000
CBD,0.000000
BPM,0.000000
IXM,0.000000
IXE,0.000000
MAA,22333.000000
IXZ,0.000000
PNY,0.000000
RJA,0.000000
SXV,0.000000
TJV,0.000000
TIR,0.000000
TRZ,0.000000
TRV,6415.000000
PBH,0.000000
MLE,27837.000000
DMK,85218.000000
KDT,0.000000
UTP,0.000000
LPT,0.000000
PRH,0.000000
HHQ,0.000000
TKH,0.000000
PHS,0.000000
NAW,0.000000
KBV,0.000000
SGZ,0.000000
PAN,0.000000
USM,8.000000
HKT,49578.000000
UNN,0.000000
HDY,0.000000
TST,0.000000
UTH,0.000000
SNO,0.000000
PXR,0.000000
LOE,0.000000
DAD,281.000000
HAN,28370.000000
NHA,0.000000
HUI,0.000000
PQC,1145.000000
SGN,87602.000000
VBA,0.000000
NYU,0.000000
HEH,3207.000000
HOX,0.000000
KET,0.000000
KYP,0.000000
LSH,0.000000
MDL,19173.000000
MGZ,6417.000000
MYT,6417.000000
MOE,0.000000
MOG,0.000000
NMS,0.000000
PAA,0.000000
PBU,0.000000
PRU,0.000000
AKY,0.000000
SNW,0.000000
THL,3209.000000
RGN,57676.000000
UPG,72862.000000
BIK,0.000000
NBX,11.000000
TIM,0.000000
DJJ,20900.000000
WMX,0.000000
MKQ,0.000000
GTO,0.000000
PLW,0.000000
MDC,24709.000000
PSJ,0.000000
OTI,0.000000
TTE,0.000000
LUW,0.000000
AMQ,35211.000000
FKQ,3205.000000
KNG,2.000000
BXB,0.000000
MKW,32.000000
SOQ,9631.000000
BTU,0.000000
KCH,26384.000000
LMN,0.000000
MUR,12.000000
MYY,38486.000000
SBW,0.000000
LDU,0.000000
BKI,49493.000000
LBU,0.000000
TWU,12.000000
BWN,2813.000000
PKU,0.000000
DUM,0.000000
CGK,164467.000000
GNS,0.000000
AEG,0.000000
PDG,0.000000
MES,0.000000
FLZ,0.000000
NPO,0.000000
KTG,0.000000
PNK,6415.000000
DJB,0.000000
BKS,0.000000
PLM,0.000000
RGT,0.000000
LSX,0.000000
BTJ,0.000000
AOR,0.000000
BWH,0.000000
KBR,0.000000
KUA,0.000000
KTE,0.000000
IPH,0.000000
JHB,0.000000
KUL,129834.000000
LGK,0.000000
MKZ,0.000000
TGG,0.000000
PEN,13593.000000
UAI,0.000000
DIL,0.000000
BCH,0.000000
QPG,0.000000
TGA,0.000000
XSP,0.000000
SIN,614232.000000
ACF,0.000000
ABM,0.000000
ASP,10.000000
BNE,536833.000000
OOL,1176.000000
CNS,79102.000000
CTL,12830.000000
ISA,44901.000000
MCY,0.000000
MKY,0.000000
PPP,0.000000
ROK,0.000000
TSV,6413.000000
WEI,0.000000
AVV,0.000000
ABX,0.000000
MEB,3210.000000
HBA,0.000000
LST,12831.000000
MBW,0.000000
MEL,87796.000000
ADL,45469.000000
JAD,0.000000
KTA,0.000000
KGI,0.000000
KNX,0.000000
LEA,0.000000
PHE,17.000000
PER,91043.000000
UMR,0.000000
XCH,6417.000000
BWU,0.000000
CBR,0.000000
CFS,0.000000
CDU,0.000000
DBO,0.000000
NLK,0.000000
XRH,0.000000
SYD,363444.000000
TMW,0.000000
WGA,0.000000
PEK,729407.000000
HLD,3440.000000
TSN,1858.000000
TYN,1499.000000
CAN,97054.000000
CSX,20991.000000
KWL,1589.000000
NNG,1292.000000
SZX,15030.000000
CGO,4218.000000
WUH,7152.000000
FNJ,0.000000
LHW,19245.000000
XIY,44381.000000
ULN,54429.000000
JHG,2.000000
KMG,73404.000000
XMN,36832.000000
KHN,1397.000000
FOC,3184.000000
HGH,10987.000000
NGB,63.000000
NKG,947.000000
HFE,0.000000
TAO,19098.000000
SHA,37918.000000
YNT,0.000000
CKG,35135.000000
KWE,8701.000000
CTU,75668.000000
XIC,0.000000
KHG,791.000000
HTN,0.000000
URC,87021.000000
HRB,34926.000000
MDG,0.000000
DLC,12123.000000
PVG,293901.000000
TOD,0.000000
SZB,6495.000000
NTQ,0.000000
HBE,5390.000000
BTI,0.000000
LUR,0.000000
PIZ,0.000000
ITO,0.000000
ORL,0.000000
BTT,1.000000
UTO,0.000000
FYU,19231.000000
SVW,0.000000
FRN,0.000000
TLJ,0.000000
CZF,0.000000
BED,0.000000
SNP,0.000000
EHM,0.000000
STG,0.000000
ILI,0.000000
PTU,0.000000
BMX,0.000000
OSC,0.000000
OAR,0.000000
MHR,0.000000
BYS,0.000000
FSM,0.000000
MRI,0.000000
GNT,0.000000
PNC,0.000000
SVN,0.000000
GFK,6417.000000
PBF,0.000000
NSE,0.000000
HNM,0.000000
PRC,0.000000
TTN,6417.000000
BOS,95093.000000
SUU,0.000000
RME,0.000000
ENV,0.000000
BFM,0.000000
OAK,29.000000
OMA,0.000000
OGG,12832.000000
ICT,1264.000000
MCI,7424.000000
MSN,0.000000
DLG,0.000000
HRO,0.000000
PHX,75130.000000
BGR,0.000000
FXE,0.000000
GGG,0.000000
AND,0.000000
GEG,0.000000
HWO,0.000000
SFO,126844.000000
CTB,0.000000
ARA,0.000000
GNV,0.000000
MEM,18852.000000
DUG,0.000000
BIG,0.000000
CNW,0.000000
ANN,0.000000
CAR,0.000000
LRF,0.000000
HUA,0.000000
POB,0.000000
DHT,0.000000
DLF,0.000000
LAX,1086996.000000
ANB,0.000000
CLE,32065.000000
DOV,0.000000
CVG,14240.000000
FME,0.000000
HON,0.000000
JNU,47709.000000
LFT,0.000000
EWR,57574.000000
BOI,0.000000
INS,0.000000
GCK,0.000000
MOT,0.000000
HHI,0.000000
MXF,0.000000
DAL,3233.000000
FCS,0.000000
HLN,0.000000
NKX,0.000000
LUF,0.000000
HHR,0.000000
HUL,0.000000
END,0.000000
NTD,0.000000
EDW,0.000000
LCH,0.000000
KOA,0.000000
MYR,16764.000000
NLC,0.000000
ACK,6421.000000
FAF,0.000000
HOP,0.000000
DCA,2588.000000
NHK,0.000000
PSX,0.000000
BYH,0.000000
ACY,0.000000
TIK,0.000000
ECG,0.000000
PUB,0.000000
PQI,0.000000
GRF,0.000000
ADQ,12835.000000
UPP,0.000000
FLL,31356.000000
INL,0.000000
SLC,64882.000000
CDS,0.000000
BIX,0.000000
LSF,0.000000
NQI,0.000000
FRI,0.000000
MDT,0.000000
LNK,0.000000
LAN,0.000000
MUE,0.000000
MSS,0.000000
HKY,0.000000
SPG,0.000000
FMY,0.000000
IAH,96387.000000
ADW,0.000000
INT,0.000000
VCV,0.000000
CEW,0.000000
PHN,0.000000
BFL,0.000000
ELP,0.000000
HRL,0.000000
CAE,0.000000
DMA,0.000000
NPA,0.000000
PNS,0.000000
RDR,0.000000
HOU,3500.000000
BFK,0.000000
ORT,0.000000
PAQ,0.000000
PIT,0.000000
BRW,19243.000000
EFD,0.000000
NUW,0.000000
ALI,0.000000
VAD,0.000000
MIA,564189.000000
SEA,616385.000000
CHA,0.000000
BDR,0.000000
JAN,0.000000
GLS,0.000000
LGB,0.000000
HDH,0.000000
IPT,0.000000
IND,0.000000
SZL,0.000000
AKC,0.000000
GWO,0.000000
HPN,3204.000000
FOK,0.000000
JBR,0.000000
XSD,0.000000
LNA,0.000000
NZY,0.000000
BIF,0.000000
YUM,0.000000
CNM,0.000000
DLH,0.000000
BET,124739.000000
LOU,0.000000
FHU,0.000000
LIH,0.000000
HUF,0.000000
HVR,0.000000
MWH,0.000000
MPV,0.000000
RIC,0.000000
SHV,0.000000
CDV,362.000000
ORF,0.000000
BPT,0.000000
SAV,0.000000
HIF,0.000000
OME,64149.000000
PIE,10.000000
MNM,0.000000
CXO,0.000000
SCC,6493.000000
SAT,401.000000
ROC,0.000000
COF,0.000000
TEB,0.000000
RCA,0.000000
RDU,1970.000000
DAY,0.000000
ENA,0.000000
MLC,0.000000
IAG,0.000000
CFD,0.000000
LIY,0.000000
PHF,0.000000
ESF,0.000000
LTS,0.000000
TUS,0.000000
MIB,0.000000
BAB,0.000000
IKK,0.000000
GSB,0.000000
PVD,0.000000
SBY,0.000000
BUR,0.000000
DTW,38409.000000
TPA,957.000000
PMB,0.000000
POE,0.000000
EIL,0.000000
HIB,0.000000
LFK,0.000000
MAF,0.000000
GRB,0.000000
ADM,0.000000
WRI,0.000000
AGS,0.000000
ISN,0.000000
LIT,12.000000
SWF,0.000000
BDE,0.000000
SAC,0.000000
HOM,0.000000
TBN,0.000000
MGE,0.000000
SKA,0.000000
HTL,0.000000
PAM,0.000000
DFW,384724.000000
MLB,0.000000
TCM,0.000000
AUS,2747.000000
LCK,0.000000
MQT,0.000000
TYS,13936.000000
HLR,0.000000
STL,45625.000000
MIV,0.000000
SPS,0.000000
LUK,0.000000
ATL,1074177.000000
MER,0.000000
MCC,0.000000
GRR,0.000000
INK,0.000000
FAT,0.000000
VRB,0.000000
IPL,0.000000
BNA,8986.000000
LRD,0.000000
EDF,0.000000
OTZ,67268.000000
AOO,0.000000
DYS,0.000000
ELD,0.000000
LGA,3841.000000
TLH,0.000000
DPA,0.000000
ACT,0.000000
AUG,0.000000
NIP,0.000000
MKL,0.000000
MKK,0.000000
FTK,0.000000
SJT,0.000000
CXL,0.000000
CIC,0.000000
BTV,0.000000
JAX,0.000000
DRO,0.000000
IAD,107096.000000
CLL,0.000000
SFF,0.000000
MKE,0.000000
ABI,0.000000
COU,0.000000
PDX,10438.000000
TNT,0.000000
PBI,3664.000000
FTW,0.000000
OGS,0.000000
FMH,0.000000
BFI,5.000000
SKF,0.000000
HNL,65464.000000
DSM,0.000000
EWN,0.000000
SAN,6415.000000
MLU,0.000000
SSC,0.000000
ONT,0.000000
GVT,0.000000
ROW,0.000000
DET,0.000000
BRO,0.000000
DHN,0.000000
WWD,0.000000
NFL,0.000000
MTC,0.000000
FMN,2.000000
CRP,0.000000
SYR,0.000000
NQX,0.000000
MDW,9255.000000
SJC,0.000000
HOB,0.000000
PNE,0.000000
DEN,258561.000000
PHL,89051.000000
SUX,0.000000
MCN,0.000000
TCS,0.000000
PMD,0.000000
RND,0.000000
NJK,0.000000
CMH,0.000000
FYV,0.000000
FSI,0.000000
FFO,0.000000
GAL,19240.000000
MWL,0.000000
IAB,0.000000
NBG,0.000000
BFT,0.000000
TXK,0.000000
PBG,0.000000
APG,0.000000
TCC,0.000000
ANC,682675.000000
GRK,0.000000
BLI,0.000000
NQA,0.000000
EKN,0.000000
HFD,0.000000
SFZ,0.000000
MOB,0.000000
NUQ,0.000000
SAF,0.000000
BKH,0.000000
DRI,0.000000
BSF,0.000000
OLS,0.000000
MCF,0.000000
BLV,0.000000
OPF,0.000000
DRT,0.000000
RSW,0.000000
AKN,25657.000000
MUI,0.000000
JHM,0.000000
JFK,506446.000000
HST,0.000000
RAL,0.000000
FLV,0.000000
WAL,0.000000
HMN,0.000000
NXX,0.000000
CYS,6417.000000
SCK,0.000000
CHS,0.000000
RNO,0.000000
KTN,81193.000000
YIP,0.000000
VBG,0.000000
BHM,0.000000
NEL,0.000000
SYA,0.000000
LSV,0.000000
RIV,0.000000
MOD,0.000000
SMF,798.000000
UGN,0.000000
COS,0.000000
BUF,0.000000
SKY,0.000000
PAE,0.000000
MUO,0.000000
CDC,0.000000
BDL,0.000000
MFE,0.000000
NGU,0.000000
CEF,0.000000
LBB,0.000000
ORD,829192.000000
BCT,0.000000
FAI,124698.000000
CVS,0.000000
NGF,0.000000
OFF,0.000000
GKN,0.000000
ART,0.000000
PSP,0.000000
AMA,0.000000
FOD,0.000000
BAD,0.000000
FOE,0.000000
COT,0.000000
ILM,0.000000
BTR,0.000000
TYR,0.000000
BWI,1177.000000
HBR,0.000000
LNY,0.000000
AEX,0.000000
WSD,0.000000
CDB,19245.000000
TUL,0.000000
SIT,0.000000
ISP,0.000000
MSP,78627.000000
ILG,0.000000
DUT,6.000000
MSY,0.000000
PWM,0.000000
OKC,2920.000000
ALB,12832.000000
VDZ,0.000000
LFI,0.000000
SNA,0.000000
CBM,0.000000
TMB,0.000000
NTU,0.000000
GUS,0.000000
CPR,0.000000
VPS,0.000000
SEM,0.000000
EYW,0.000000
CLT,43629.000000
LAS,67783.000000
MCO,20267.000000
FLO,0.000000
GTF,4.000000
YNG,0.000000
FBK,0.000000
WRB,0.000000
BKK,399666.000000
NAH,0.000000
MXB,0.000000
SQR,0.000000
TTR,0.000000
KDI,0.000000
SBG,0.000000
TSY,0.000000
MLG,0.000000
BDO,0.000000
CBN,0.000000
JOG,0.000000
CXP,0.000000
PCB,0.000000
SRG,0.000000
BTH,6429.000000
TJQ,0.000000
PGK,0.000000
TNJ,0.000000
SIQ,0.000000
BDJ,0.000000
BTW,0.000000
PKN,0.000000
PKY,0.000000
MOF,0.000000
ENE,3.000000
RTG,0.000000
KOE,5530.000000
LBJ,2753.000000
BPN,12824.000000
TRK,6.000000
SRI,0.000000
TSX,0.000000
AMI,0.000000
BMU,0.000000
WGP,0.000000
SUB,10806.000000
SOC,0.000000
ICN,259932.000000
CNX,19713.000000
CEI,0.000000
NST,0.000000
NAK,0.000000
KOP,0.000000
UBP,0.000000
KKC,0.000000
THS,0.000000
DPS,70263.000000
ATH,174895.000000
NGO,4915.000000
UKB,0.000000
PUW,0.000000
LWS,2.000000
ELM,0.000000
ITH,0.000000
MRY,0.000000
SBA,0.000000
DAB,0.000000
LPX,0.000000
RIX,6463.000000
SQQ,0.000000
HLJ,0.000000
KUN,0.000000
PLQ,0.000000
VNO,3450.000000
PNV,0.000000
EVN,31.000000
LWN,0.000000
ASA,0.000000
ASM,3209.000000
MSW,0.000000
GZA,0.000000
BUS,0.000000
KUT,0.000000
TBS,487.000000
RIY,6417.000000
TAI,0.000000
HOD,0.000000
ADE,143.000000
AXK,0.000000
AAY,0.000000
SAH,27536.000000
BHN,0.000000
SCT,0.000000
FMM,12.000000
NAV,0.000000
EZE,39880.000000
EBL,600.000000
EMD,0.000000
HEW,0.000000
KIX,20583.000000
JRB,0.000000
TAG,0.000000
JAV,32057.000000
JCH,0.000000
JEG,12.000000
PMI,120122.000000
DRW,66170.000000
URT,0.000000
TKA,0.000000
GZM,0.000000
HVN,0.000000
AVL,0.000000
GSO,371.000000
FSD,0.000000
AYQ,0.000000
MHT,0.000000
APF,0.000000
RDN,0.000000
SDF,0.000000
CHO,0.000000
ROA,0.000000
LEX,0.000000
EVV,0.000000
ABQ,12832.000000
BZN,0.000000
BIL,32065.000000
BTM,0.000000
TVC,0.000000
FRS,0.000000
BHB,0.000000
RKD,0.000000
JAC,0.000000
RFD,0.000000
DME,443768.000000
SYX,0.000000
MFN,0.000000
LJG,0.000000
GSP,18.000000
BMI,0.000000
GPT,0.000000
AZO,0.000000
TOL,0.000000
FWA,0.000000
DEC,0.000000
CID,0.000000
LSE,0.000000
CWA,0.000000
PIA,0.000000
ATW,0.000000
RST,0.000000
CMI,0.000000
MHK,0.000000
KGC,0.000000
HVB,0.000000
DLU,0.000000
MZV,0.000000
SSH,2054.000000
FKL,0.000000
NBO,170098.000000
SEU,0.000000
FTE,0.000000
ARM,0.000000
GJT,0.000000
SGU,0.000000
DWH,0.000000
SRQ,0.000000
BDA,0.000000
VNY,0.000000
MLI,296.000000
PFN,0.000000
HIR,96005.000000
PPT,168917.000000
INU,590.000000
FUN,0.000000
OVB,17571.000000
XKH,0.000000
BIS,0.000000
TEX,0.000000
HGN,0.000000
RAP,0.000000
CLD,0.000000
FNT,0.000000
DVO,0.000000
FNC,1437.000000
STM,18538.000000
KOS,0.000000
YOA,0.000000
NPE,0.000000
LEV,0.000000
LXA,5782.000000
RDD,0.000000
EUG,0.000000
IDA,0.000000
MFR,0.000000
KBZ,0.000000
RDM,0.000000
PCN,0.000000
WDH,15719.000000
YWH,0.000000
TNA,4582.000000
CZX,0.000000
YBP,0.000000
TJM,5290.000000
CAK,0.000000
HSV,0.000000
PKB,0.000000
MGM,0.000000
TRI,0.000000
PAH,0.000000
JIB,8294.000000
HAK,668.000000
MFA,0.000000
PGA,6417.000000
UII,0.000000
FCA,0.000000
MBS,0.000000
BGM,0.000000
BGW,0.000000
NNT,0.000000
ROI,0.000000
BFV,0.000000
TDX,0.000000
BLH,0.000000
IQA,0.000000
TQD,0.000000
XQC,0.000000
CRK,0.000000
SDK,0.000000
LXG,0.000000
ODY,0.000000
SHE,6765.000000
DOY,0.000000
MNI,0.000000
PSG,0.000000
LYA,0.000000
XUZ,0.000000
MWQ,0.000000
KHM,0.000000
DLI,0.000000
VDH,0.000000
VKG,0.000000
CAH,0.000000
VCL,0.000000
TBB,0.000000
PYY,0.000000
BWK,0.000000
NSI,10116.000000
CKY,0.000000
AAH,0.000000
FKB,0.000000
SFB,19794.000000
JST,0.000000
LUA,0.000000
BHP,0.000000
LDN,0.000000
JMO,0.000000
NGX,0.000000
PPL,0.000000
RUM,0.000000
DNP,0.000000
RUK,0.000000
JUM,0.000000
TPJ,0.000000
TMI,0.000000
SKH,0.000000
IMK,0.000000
DOP,0.000000
BJH,0.000000
DHI,0.000000
MWX,0.000000
JTY,0.000000
JIK,0.000000
JKL,2.000000
MLO,0.000000
JNX,0.000000
PAS,0.000000
KZS,0.000000
RMF,0.000000
NRN,3061.000000
USU,0.000000
BXU,0.000000
DPL,0.000000
LAO,0.000000
LGP,0.000000
OZC,0.000000
CEB,14873.000000
NOD,0.000000
JUI,0.000000
BPS,0.000000
QIG,0.000000
PMW,6379.000000
CLV,0.000000
MSO,0.000000
BKQ,0.000000
BDB,0.000000
GCN,0.000000
SGR,0.000000
APA,0.000000
CVN,0.000000
FST,0.000000
LVS,0.000000
IWS,0.000000
LRU,0.000000
BKD,0.000000
TPL,0.000000
OZA,0.000000
KDM,0.000000
LAK,0.000000
YWJ,0.000000
ZFN,0.000000
YGH,0.000000
TAH,19243.000000
YPC,0.000000
SRZ,3226.000000
SAB,0.000000
EGE,0.000000
SKN,1.000000
CGF,0.000000
MFD,0.000000
CSG,0.000000
LAW,0.000000
FNL,0.000000
FLG,0.000000
TVL,0.000000
TWF,0.000000
MVY,3206.000000
CON,0.000000
GON,0.000000
STC,0.000000
BPE,0.000000
GTR,0.000000
GOJ,0.000000
HQM,0.000000
ERI,0.000000
HYA,0.000000
SPR,0.000000
SDX,0.000000
MGW,3038.000000
CRW,0.000000
AVP,0.000000
BJI,0.000000
THG,0.000000
FGI,0.000000
BNK,0.000000
FAR,0.000000
MKC,0.000000
RBE,0.000000
GCC,0.000000
TOF,0.000000
NZJ,0.000000
PHY,0.000000
CJM,0.000000
JZH,0.000000
SWA,0.000000
GEO,0.000000
AGT,0.000000
OGL,0.000000
KAI,0.000000
DNH,0.000000
AOI,0.000000
TCP,0.000000
LYB,0.000000
BJV,216.000000
TBJ,0.000000
SAW,44766.000000
SCE,0.000000
BME,83.000000
NTL,0.000000
KLU,0.000000
HFT,12995.000000
HVG,0.000000
MEH,3121.000000
VDS,6339.000000
IKA,3876.000000
MHD,50950.000000
UIK,0.000000
MEI,0.000000
SPI,0.000000
CEZ,0.000000
HDN,0.000000
GUP,0.000000
LBL,0.000000
LAA,0.000000
GLD,0.000000
COD,0.000000
HOV,2.000000
ISC,6417.000000
SGF,26.000000
NVK,0.000000
BVG,7.000000
FBU,0.000000
NSK,10.000000
AAQ,0.000000
JLN,0.000000
ABE,0.000000
XNA,0.000000
GUW,521.000000
KZO,0.000000
SBN,0.000000
BKA,0.000000
ARH,19200.000000
RTW,0.000000
NUX,24.000000
NOJ,0.000000
SCO,1636.000000
UCT,33.000000
USK,0.000000
PEX,0.000000
NNM,6.000000
PKV,0.000000
KGP,0.000000
KJA,26073.000000
KGF,0.000000
URJ,0.000000
IWA,0.000000
CGQ,0.000000
KIJ,1375.000000
JON,0.000000
SMD,0.000000
ACV,0.000000
OAJ,0.000000
TCL,0.000000
DBQ,0.000000
HHP,0.000000
ATD,0.000000
AKS,0.000000
BAS,0.000000
FRE,0.000000
MBU,0.000000
IRA,2.000000
SCZ,0.000000
MUA,3211.000000
GZO,3211.000000
MNY,0.000000
RNL,0.000000
RUS,0.000000
VAO,0.000000
KGE,0.000000
RBV,1.000000
BUA,3.000000
CMU,0.000000
DAU,0.000000
GUR,6413.000000
PNP,0.000000
HKN,0.000000
UNG,0.000000
KRI,0.000000
KMA,0.000000
KVG,0.000000
MDU,0.000000
MAS,2.000000
MXH,0.000000
MIS,1.000000
TIZ,0.000000
TBG,0.000000
RAB,16.000000
VAI,0.000000
WBM,0.000000
LLU,0.000000
CNP,0.000000
JFR,0.000000
JGO,0.000000
JJU,16038.000000
JSU,0.000000
JNN,0.000000
JNS,0.000000
NAQ,6417.000000
JHS,18.000000
JUV,12830.000000
JQA,6417.000000
GRY,0.000000
THO,0.000000
VPN,0.000000
YWS,0.000000
YAA,0.000000
YWM,0.000000
YFX,0.000000
YHA,0.000000
YRG,0.000000
YCK,0.000000
YLE,0.000000
SUR,0.000000
YAX,0.000000
WNN,3209.000000
YNO,0.000000
XBE,9.000000
KIF,0.000000
YOG,0.000000
YHP,0.000000
YKU,6447.000000
ZTB,2.000000
ZLT,6.000000
YAC,3203.000000
YAG,0.000000
XKS,0.000000
YKG,12954.000000
YAT,6417.000000
YBE,0.000000
YBX,72.000000
YRF,0.000000
YCS,0.000000
YDP,12820.000000
YER,0.000000
YFA,19239.000000
YFH,12829.000000
YMN,4.000000
YGB,0.000000
YGO,0.000000
YGT,2.000000
YGW,9203.000000
YGX,0.000000
YGZ,0.000000
YQC,6551.000000
CXH,0.000000
YNS,0.000000
YHO,6.000000
YHR,6409.000000
YIK,6279.000000
YIV,0.000000
AKV,12682.000000
YKQ,6534.000000
YPJ,8.000000
YLC,0.000000
YLH,6.000000
XGR,0.000000
YMH,0.000000
YMT,6382.000000
YUD,20.000000
YNC,9.000000
YNE,0.000000
YNL,0.000000
YOH,0.000000
YPH,82.000000
YPM,6417.000000
YPO,0.000000
YPW,0.000000
YQD,0.000000
YQN,0.000000
YRA,0.000000
YRL,29256.000000
YSF,0.000000
YSK,399.000000
YST,0.000000
YTL,3210.000000
YVZ,2.000000
YWP,3209.000000
YXN,0.000000
YZG,14.000000
ZAC,0.000000
ILF,0.000000
ZBF,3122.000000
ZEM,19.000000
ZFD,0.000000
ZGI,0.000000
ZJN,0.000000
ZKE,12830.000000
MSA,10.000000
ZMT,0.000000
ZPB,0.000000
ZRJ,2.000000
ZSJ,6416.000000
ZTM,0.000000
ZUM,0.000000
ZWL,0.000000
BLJ,0.000000
CBH,0.000000
BMW,0.000000
ELU,0.000000
KMS,0.000000
HDF,0.000000
HEI,0.000000
HGL,0.000000
SJY,0.000000
NQT,0.000000
DSA,0.000000
CAL,0.000000
EOI,0.000000
FIE,0.000000
NRL,2.000000
PPW,2.000000
SOY,0.000000
NDY,1.000000
LWK,0.000000
WRY,0.000000
LEQ,0.000000
PZE,0.000000
VLY,0.000000
BRR,0.000000
CFN,0.000000
CNL,0.000000
LKN,2.000000
OSY,2.000000
MQN,2.000000
RVK,0.000000
RET,0.000000
SDN,0.000000
SOG,2.000000
SVJ,2.000000
SOJ,0.000000
VAW,0.000000
VRY,0.000000
BZG,0.000000
LCJ,0.000000
OSD,0.000000
HFS,0.000000
KSD,0.000000
TYF,0.000000
AGH,0.000000
SQO,0.000000
HMV,0.000000
VNT,0.000000
QRA,0.000000
MQP,0.000000
AAM,0.000000
MBD,0.000000
GNZ,0.000000
ORP,0.000000
SWX,0.000000
TLD,0.000000
DIS,0.000000
CIP,0.000000
YVA,0.000000
WAQ,0.000000
JVA,0.000000
BMD,0.000000
MXT,0.000000
TVA,0.000000
WTA,0.000000
WTS,0.000000
WAM,0.000000
WPB,0.000000
DWB,0.000000
WMP,0.000000
WMA,0.000000
MJA,0.000000
CBT,0.000000
DUE,0.000000
VPE,14.000000
MSZ,0.000000
KOU,0.000000
MJL,0.000000
TCH,0.000000
VPY,0.000000
SRH,0.000000
CMK,0.000000
LUD,3209.000000
OND,0.000000
OMD,3208.000000
SWP,0.000000
ERS,4.000000
BOA,0.000000
MAT,0.000000
INO,0.000000
NIO,0.000000
KRZ,0.000000
BSU,0.000000
TSH,0.000000
LJA,0.000000
PFR,0.000000
OUK,0.000000
GMZ,0.000000
BTE,0.000000
KBS,0.000000
KEN,0.000000
OXB,0.000000
SMW,0.000000
VIL,0.000000
ESU,0.000000
EUN,0.000000
NDR,0.000000
RAI,13891.000000
SFL,0.000000
BCO,0.000000
BEI,0.000000
DSE,0.000000
DEM,0.000000
GDE,0.000000
GOR,0.000000
ABK,0.000000
MTF,0.000000
TIE,0.000000
ALU,0.000000
BSA,706.000000
MGQ,1455.000000
GLK,74.000000
BUO,0.000000
AAC,0.000000
ATZ,0.000000
ASV,0.000000
LKG,0.000000
MYD,3208.000000
NYK,0.000000
SRX,0.000000
TOB,0.000000
MJI,0.000000
LAQ,0.000000
ATB,0.000000
UYL,0.000000
PZU,0.000000
BKZ,0.000000
TKQ,0.000000
LDI,0.000000
MUZ,0.000000
SHY,0.000000
TBO,0.000000
RUA,0.000000
ULU,0.000000
DIU,3209.000000
ABR,0.000000
ABY,0.000000
AHN,0.000000
ALM,0.000000
ALO,0.000000
ALW,0.000000
APN,0.000000
ATY,0.000000
BFD,0.000000
BFF,0.000000
BKW,0.000000
BQK,0.000000
BRL,0.000000
CEC,0.000000
CGI,0.000000
CIU,0.000000
CKB,10.000000
CLM,0.000000
CMX,0.000000
DDC,0.000000
DUJ,0.000000
EAU,0.000000
EKO,0.000000
EWB,0.000000
FAY,0.000000
GGW,0.000000
GRI,0.000000
HOT,0.000000
HTS,0.000000
KIO,0.000000
IRK,0.000000
JMS,0.000000
LAR,0.000000
LBE,0.000000
LBF,0.000000
LEB,0.000000
LMT,0.000000
LNS,0.000000
LWT,0.000000
LYH,0.000000
MKG,0.000000
MLS,0.000000
MSL,0.000000
OTH,0.000000
OWB,0.000000
PIB,0.000000
PIH,0.000000
PIR,9758.000000
PLN,0.000000
PSM,0.000000
RDG,0.000000
RHI,0.000000
RKS,0.000000
RUT,0.000000
SBP,0.000000
SHR,0.000000
SLK,0.000000
SLN,0.000000
SMX,0.000000
TUP,6417.000000
UIN,0.000000
VCT,0.000000
VLD,0.000000
WRL,0.000000
YKM,0.000000
ECN,0.000000
RJL,0.000000
IDY,0.000000
ANE,0.000000
LTT,0.000000
JSY,0.000000
PEV,0.000000
SOB,0.000000
AOT,0.000000
QSR,0.000000
CVU,0.000000
BNX,0.000000
USQ,0.000000
KSY,0.000000
SFQ,0.000000
KCM,0.000000
AJI,0.000000
ADF,0.000000
ISE,0.000000
EDO,0.000000
SZF,0.000000
ILZ,0.000000
GDT,6417.000000
MDS,0.000000
SLX,0.000000
AZS,0.000000
JBQ,0.000000
PBR,0.000000
AAZ,0.000000
UTK,0.000000
AHS,0.000000
PEU,0.000000
MIJ,0.000000
CYW,0.000000
CUA,0.000000
GUB,0.000000
JAL,0.000000
CTD,0.000000
ONX,0.000000
JQE,0.000000
PLP,0.000000
TTQ,0.000000
BCL,0.000000
PBP,0.000000
PJM,0.000000
SYQ,0.000000
JEE,0.000000
PAX,0.000000
TND,0.000000
COX,0.000000
ATC,0.000000
TBI,0.000000
CRI,0.000000
PID,0.000000
AIU,0.000000
MGS,0.000000
MHX,0.000000
MUK,0.000000
MOI,0.000000
PYE,0.000000
ICI,0.000000
PTF,0.000000
KDV,0.000000
MNF,0.000000
MFJ,0.000000
NGI,0.000000
LKB,0.000000
LBS,0.000000
TVU,0.000000
KXF,0.000000
RTA,0.000000
SVU,0.000000
EUA,0.000000
HPA,0.000000
NFO,0.000000
NTT,0.000000
VBV,0.000000
IUE,0.000000
FUT,0.000000
MXS,0.000000
APK,0.000000
AHE,2.000000
AUQ,0.000000
UAP,0.000000
UAH,0.000000
MTV,2.000000
SLH,0.000000
TOH,0.000000
EAE,0.000000
CCV,17.000000
LOD,0.000000
SSR,0.000000
PBJ,3195.000000
LPM,0.000000
LNB,3193.000000
MWF,0.000000
LNE,89.000000
NUS,72.000000
ZGU,12826.000000
RCL,0.000000
SON,51180.000000
TGH,0.000000
ULB,2.000000
VLS,0.000000
SWJ,0.000000
OLJ,0.000000
AUY,0.000000
AWD,0.000000
DLY,0.000000
FTA,0.000000
IPA,8.000000
TGJ,0.000000
BMY,0.000000
ILP,0.000000
FBD,0.000000
AJF,0.000000
WAE,0.000000
KHD,0.000000
BXR,0.000000
RJN,0.000000
BJB,0.000000
AFZ,0.000000
NSH,0.000000
SRY,0.000000
LRR,0.000000
ADU,0.000000
OMH,0.000000
AAN,0.000000
BNP,0.000000
BHV,0.000000
CJL,0.000000
DBA,0.000000
DEA,0.000000
DSK,4.000000
JIW,0.000000
HDD,0.000000
KDD,0.000000
ORW,0.000000
PAJ,0.000000
KDU,0.000000
SYW,0.000000
TUK,3209.000000
ISU,0.000000
KAC,0.000000
GXF,0.000000
ADK,0.000000
GST,0.000000
SGY,0.000000
HCR,6417.000000
HNS,0.000000
KLG,0.000000
MCG,9625.000000
MOU,0.000000
ANI,41564.000000
VAK,3208.000000
WRG,0.000000
OPU,0.000000
VMU,0.000000
LUP,0.000000
ENT,0.000000
LZN,0.000000
HCN,0.000000
MFK,0.000000
KUH,0.000000
OKD,0.000000
HSG,0.000000
NKM,2.000000
IWJ,0.000000
FKS,0.000000
ONJ,0.000000
SYO,0.000000
MYE,0.000000
KUV,0.000000
MPK,0.000000
WJU,0.000000
YNY,0.000000
HIN,0.000000
CJJ,0.000000
SFS,0.000000
CYU,0.000000
CGM,0.000000
JOL,0.000000
TWT,0.000000
SUG,0.000000
TDG,0.000000
WNP,0.000000
BSO,0.000000
SFE,0.000000
TUG,0.000000
VRC,0.000000
CYP,0.000000
CRM,0.000000
MBT,0.000000
RXS,0.000000
TTG,0.000000
LHS,0.000000
OES,0.000000
ING,0.000000
GGS,0.000000
SST,0.000000
NEC,0.000000
JDO,0.000000
LEC,0.000000
MEA,0.000000
MII,0.000000
VDC,64.000000
RIA,9624.000000
TOW,0.000000
ESR,0.000000
ZPC,0.000000
SOD,0.000000
SCY,0.000000
LOH,0.000000
ESM,0.000000
PSY,0.000000
CRC,0.000000
LQM,0.000000
LPD,0.000000
NQU,0.000000
PDA,0.000000
EYP,0.000000
GYA,0.000000
PUR,0.000000
RIB,0.000000
REY,0.000000
SRJ,0.000000
ORG,0.000000
MVS,0.000000
CJA,0.000000
HUU,0.000000
NZC,0.000000
SRA,0.000000
MYC,0.000000
VIG,0.000000
JPR,0.000000
BBQ,0.000000
DSD,0.000000
BBR,0.000000
SFC,0.000000
GBJ,0.000000
NEV,0.000000
VIJ,0.000000
BQU,0.000000
UNI,0.000000
KOV,0.000000
PPK,0.000000
DZN,0.000000
UKK,0.000000
KSN,0.000000
KVD,3208.000000
NAJ,0.000000
NER,0.000000
PYJ,0.000000
CKH,0.000000
CYX,0.000000
IKS,0.000000
KXK,0.000000
DYR,0.000000
OHO,0.000000
UJE,0.000000
MPW,0.000000
VSG,0.000000
OZH,0.000000
KWG,0.000000
HRK,22.000000
IFO,0.000000
CWC,0.000000
RWN,0.000000
UDJ,0.000000
CSH,0.000000
CEE,6417.000000
AMV,0.000000
KSZ,0.000000
PES,0.000000
GNA,0.000000
MVQ,0.000000
EIE,0.000000
KYZ,0.000000
NOZ,0.000000
HTG,0.000000
IAA,0.000000
NAL,0.000000
OGZ,0.000000
ESL,0.000000
WKK,0.000000
BLF,0.000000
GLH,0.000000
PSC,0.000000
KQA,0.000000
LPS,0.000000
SLY,6419.000000
HMA,2.000000
NYA,2.000000
OVS,2.000000
IJK,0.000000
KVX,0.000000
NYM,4.000000
RAT,0.000000
NFG,0.000000
KRO,0.000000
LBD,45.000000
AZN,0.000000
FEG,0.000000
NMA,0.000000
NCU,0.000000
UGC,0.000000
KSQ,0.000000
TMJ,0.000000
RYB,0.000000
EGO,0.000000
URS,0.000000
LPK,0.000000
VKT,0.000000
UUA,0.000000
JOK,0.000000
CSY,0.000000
ULY,0.000000
OSW,0.000000
PEZ,0.000000
SKX,0.000000
BWO,0.000000
HBX,0.000000
KCT,0.000000
WRZ,0.000000
BBM,0.000000
SHL,0.000000
GAU,13680.000000
DMU,0.000000
TEZ,0.000000
BZL,0.000000
HOE,0.000000
BHR,0.000000
BDP,0.000000
MEY,0.000000
KEP,0.000000
GAN,0.000000
HAQ,0.000000
KDO,0.000000
MAQ,0.000000
BMV,0.000000
HPH,0.000000
CXR,0.000000
VCS,0.000000
VCA,0.000000
DIN,0.000000
UIH,0.000000
PXU,0.000000
VII,0.000000
BMO,0.000000
TVY,12830.000000
KAW,0.000000
LIW,0.000000
MNU,0.000000
BSX,0.000000
PKK,0.000000
SWQ,0.000000
TMC,0.000000
BUI,0.000000
SEH,0.000000
TJS,0.000000
DTD,0.000000
BEJ,0.000000
TJG,0.000000
SMQ,0.000000
LUV,9624.000000
ARD,0.000000
BLG,0.000000
LGL,0.000000
ODN,0.000000
MKM,0.000000
BKM,0.000000
LWY,6417.000000
BBN,0.000000
TMG,0.000000
KUD,0.000000
TKG,0.000000
HLP,0.000000
NTX,0.000000
PSU,0.000000
SQG,0.000000
PDO,0.000000
LSW,0.000000
PKG,0.000000
LBW,0.000000
NNX,0.000000
LPU,0.000000
ALH,0.000000
GYL,0.000000
AUU,1.000000
BCI,0.000000
BDD,0.000000
BVI,6.000000
BHQ,0.000000
HTI,0.000000
BEU,6403.000000
BRK,0.000000
BUC,0.000000
GIC,0.000000
OKY,0.000000
BQL,12810.000000
BHS,0.000000
BLT,0.000000
CVQ,0.000000
CAZ,0.000000
CPD,0.000000
CNC,0.000000
CNJ,0.000000
CED,0.000000
CTN,0.000000
CMA,6417.000000
CNB,0.000000
CUQ,1.000000
OOM,0.000000
DMD,6489.000000
NLF,0.000000
DPO,0.000000
ELC,0.000000
EPR,0.000000
FLS,6418.000000
GET,0.000000
GLT,0.000000
GTE,0.000000
GFF,0.000000
HID,0.000000
HOK,0.000000
MHU,0.000000
HGD,0.000000
JCK,6417.000000
KAX,0.000000
KNS,0.000000
KFG,0.000000
KRB,0.000000
KWM,0.000000
KUG,0.000000
LNO,0.000000
LEL,0.000000
LDH,0.000000
IRG,3208.000000
LSY,0.000000
LHG,0.000000
LRE,6416.000000
LER,0.000000
LVO,0.000000
UBB,0.000000
MKR,0.000000
MIM,0.000000
MGT,0.000000
MNG,12832.000000
MCV,0.000000
MQL,0.000000
MMG,0.000000
MRZ,0.000000
MOV,0.000000
MYA,0.000000
MGB,0.000000
ONG,32.000000
MYI,0.000000
MBH,0.000000
NRA,0.000000
NAA,0.000000
NTN,6337.000000
ZNE,0.000000
OLP,0.000000
PUG,0.000000
PMK,0.000000
PBO,0.000000
CCK,0.000000
GOV,0.000000
PKE,0.000000
PLO,0.000000
EDR,0.000000
PQQ,0.000000
PTJ,0.000000
ULP,6423.000000
RAM,0.000000
RMA,0.000000
SGO,12830.000000
MJK,0.000000
SBR,0.000000
SRN,0.000000
XTG,0.000000
TCA,0.000000
VCD,0.000000
SYU,0.000000
WNR,16.000000
WYA,0.000000
WUN,0.000000
WOL,0.000000
WIN,0.000000
BWT,0.000000
OKR,0.000000
XMY,0.000000
NAY,7935.000000
CIF,0.000000
CIH,0.000000
DAT,4.000000
HET,14721.000000
BAV,12.000000
SJW,7470.000000
TGO,0.000000
HLH,0.000000
XIL,0.000000
BHY,0.000000
CGD,0.000000
DYG,0.000000
MXZ,0.000000
ZUH,3788.000000
LZH,0.000000
ZHA,0.000000
ENH,0.000000
NNY,0.000000
XFN,0.000000
YIH,0.000000
AKA,0.000000
GOQ,0.000000
HZG,0.000000
IQN,4.000000
XNN,11216.000000
ENY,0.000000
UYN,28.000000
AVK,0.000000
LTI,0.000000
BYN,6417.000000
DLZ,0.000000
HVD,0.000000
MXV,0.000000
DIG,0.000000
LUM,0.000000
SYM,0.000000
ZAT,0.000000
KOW,0.000000
JDZ,0.000000
JIU,0.000000
JUZ,0.000000
LYG,6.000000
HYN,0.000000
LYI,0.000000
JJN,905.000000
TXN,0.000000
WEF,0.000000
WEH,0.000000
WUX,0.000000
WUS,0.000000
WNZ,174.000000
YNZ,0.000000
YIW,0.000000
HSN,9.000000
BPX,0.000000
DAX,0.000000
GYS,0.000000
LZO,0.000000
MIG,0.000000
NAO,0.000000
LZY,0.000000
WXN,0.000000
AKU,0.000000
IQM,0.000000
KCA,0.000000
KRL,0.000000
KRY,0.000000
YIN,0.000000
HEK,0.000000
JMU,0.000000
JNZ,0.000000
NDG,0.000000
YNJ,0.000000
WKL,0.000000
WME,0.000000
LRV,0.000000
IOR,0.000000
NNR,0.000000
GTI,0.000000
EZV,0.000000
ORH,0.000000
AQG,0.000000
SHP,0.000000
YCU,0.000000
JGN,3539.000000
DDG,0.000000
DSN,0.000000
PZI,0.000000
PWT,0.000000
SPW,0.000000
JEF,0.000000
UNT,0.000000
PVC,0.000000
SBH,52.000000
KMW,0.000000
SUI,0.000000
TBW,0.000000
OBN,0.000000
ERM,2.000000
CVF,0.000000
FUL,0.000000
USA,0.000000
NVI,0.000000
QSF,0.000000
LRH,22.000000
SUN,0.000000
MCW,0.000000
AZA,6465.000000
XAU,0.000000
AKP,0.000000
ANV,0.000000
ATK,0.000000
GAM,0.000000
HPB,0.000000
KAL,0.000000
KSM,12788.000000
KVL,0.000000
MYU,6415.000000
RBY,3203.000000
SHH,0.000000
SVA,0.000000
WTK,0.000000
OMC,0.000000
YPX,19092.000000
YTQ,0.000000
ARC,0.000000
QOW,0.000000
FON,0.000000
TMU,3208.000000
CYZ,0.000000
KVK,0.000000
GVR,0.000000
KPC,0.000000
PJA,0.000000
QBC,3209.000000
HGR,0.000000
ACR,0.000000
GOP,0.000000
SDP,0.000000
HMI,0.000000
WUZ,0.000000
TBH,0.000000
ACP,0.000000
GBT,0.000000
IIL,0.000000
PFQ,0.000000
TCG,0.000000
MQM,0.000000
AFS,0.000000
DRG,0.000000
LEN,0.000000
RGS,0.000000
EGM,8.000000
CQD,0.000000
DHM,0.000000
NDC,0.000000
SLV,0.000000
IGG,0.000000
KNW,0.000000
KVC,0.000000
PTH,0.000000
TOG,0.000000
EGN,0.000000
LKH,0.000000
WLH,0.000000
CHG,0.000000
UAS,0.000000
BHG,0.000000
YVB,2.000000
SKT,0.000000
PDP,0.000000
WVB,0.000000
MPA,0.000000
AOE,0.000000
CKZ,0.000000
MSR,0.000000
NOP,0.000000
TEQ,0.000000
YEI,0.000000
LSS,0.000000
KMV,0.000000
VQS,0.000000
YIF,6425.000000
HDM,0.000000
MRQ,0.000000
GFN,0.000000
OAG,0.000000
TRO,6417.000000
COQ,17.000000
HOH,0.000000
ESC,0.000000
YAK,0.000000
GUL,0.000000
CES,0.000000
NSO,0.000000
DGE,0.000000
MTL,0.000000
CPX,0.000000
MWA,0.000000
OCN,0.000000
KIK,0.000000
XJD,0.000000
GBZ,0.000000
IMT,0.000000
AET,3204.000000
MGC,0.000000
SWD,0.000000
GRM,0.000000
AUW,0.000000
MYP,0.000000
MVA,0.000000
QSA,0.000000
WSY,0.000000
MIE,0.000000
LAF,0.000000
VGT,0.000000
ENW,0.000000
MTJ,0.000000
RIW,0.000000
PDT,0.000000
LYM,0.000000
PKH,0.000000
KTR,0.000000
NOA,0.000000
UCK,0.000000
CEJ,0.000000
BQT,0.000000
OSH,0.000000
AGE,0.000000
BXG,0.000000
EAT,0.000000
ARE,0.000000
RIN,0.000000
KCK,0.000000
UKX,0.000000
RMT,0.000000
QLS,0.000000
ZJI,0.000000
QNC,0.000000
TGK,0.000000
GDZ,0.000000
ZIA,0.000000
IAR,0.000000
OHE,0.000000
JNG,0.000000
DRK,0.000000
AAT,0.000000
TZL,0.000000
FWH,0.000000
NYT,0.000000
VBP,0.000000
NZH,117.000000
WUA,0.000000
GYY,0.000000
BRD,0.000000
LWB,0.000000
PGV,0.000000
CYF,0.000000
OXR,0.000000
BKG,0.000000
TEN,0.000000
JGS,0.000000
NIU,0.000000
SCH,0.000000
NBC,0.000000
QRW,0.000000
IAO,0.000000
LGO,0.000000
NLP,0.000000
CKC,0.000000
UST,0.000000
NLV,0.000000
RHP,0.000000
STS,0.000000
ISM,0.000000
LCQ,0.000000
LGU,0.000000
BMC,0.000000
ASE,0.000000
ULV,0.000000
ERV,0.000000
GED,0.000000
ZSW,0.000000
GBD,0.000000
HYS,0.000000
SUS,0.000000
LYU,0.000000
GPZ,0.000000
TVF,0.000000
EGV,0.000000
ARV,0.000000
YBV,0.000000
AVX,0.000000
MHV,0.000000
ZIN,0.000000
INQ,0.000000
SWT,0.000000
HUT,0.000000
OAI,0.000000
AKH,0.000000
STJ,0.000000
VOK,0.000000
GUC,0.000000
SIA,0.000000
TOA,0.000000
MBL,0.000000
PGD,2.000000
WFK,0.000000
JHW,0.000000
YTM,0.000000
SME,0.000000
SHD,0.000000
DVL,0.000000
DIK,0.000000
SDY,0.000000
CDR,3208.000000
AIA,3209.000000
MCK,0.000000
MTH,0.000000
GDV,0.000000
OLF,0.000000
WYS,0.000000
ALS,0.000000
CNY,0.000000
ELY,0.000000
VEL,0.000000
RUI,0.000000
SOW,39.000000
MYL,0.000000
SMN,0.000000
MMH,0.000000
FRD,2.000000
ESD,2.000000
AST,0.000000
ONP,0.000000
EMK,6457.000000
UNK,54177.000000
UUK,0.000000
SHX,0.000000
CHU,0.000000
NUI,0.000000
EEK,0.000000
KUK,0.000000
KWT,0.000000
KWK,2.000000
MLL,20.000000
RSH,3208.000000
KGK,0.000000
KMO,0.000000
CIK,0.000000
EAA,0.000000
HUS,0.000000
HSL,4.000000
NUL,3208.000000
VEE,6417.000000
WBQ,0.000000
CEM,3209.000000
SHG,3209.000000
IYK,0.000000
VIS,0.000000
MCE,0.000000
CYR,0.000000
CPQ,0.000000
GYR,0.000000
TWB,19239.000000
BBL,0.000000
AYK,0.000000
AGN,0.000000
ELV,0.000000
FNR,0.000000
HNH,0.000000
MTM,0.000000
HYG,0.000000
EGX,3208.000000
KPV,0.000000
PIP,0.000000
WSN,3209.000000
AKK,0.000000
KYK,0.000000
KLN,3211.000000
ABL,1.000000
BKC,0.000000
IAN,0.000000
OBU,3208.000000
ORV,0.000000
WLK,0.000000
KTS,1.000000
ELI,3.000000
GLV,0.000000
TLA,0.000000
WAA,3209.000000
WMO,0.000000
KKA,2.000000
SMK,0.000000
SKK,3186.000000
TNC,0.000000
AKB,0.000000
IKO,0.000000
CYT,0.000000
AUK,0.000000
KPN,2.000000
KFP,0.000000
NLG,0.000000
PML,0.000000
KLW,0.000000
KWN,6417.000000
KOT,8.000000
KYU,0.000000
SCM,6414.000000
NNL,0.000000
KKH,0.000000
NIB,0.000000
AKI,0.000000
AIN,0.000000
APZ,0.000000
RDS,0.000000
PNT,0.000000
SGV,0.000000
IGB,0.000000
NCN,0.000000
TKJ,0.000000
IRC,3208.000000
SLQ,0.000000
LMA,0.000000
MLY,0.000000
YNP,6413.000000
YSO,6409.000000
YWB,150.000000
YTF,0.000000
YGV,0.000000
YXK,0.000000
XTL,0.000000
XLB,0.000000
XSI,0.000000
YBT,0.000000
ZGR,0.000000
YCR,0.000000
YRS,0.000000
YOP,0.000000
YBY,0.000000
ZNA,0.000000
YGG,0.000000
YDT,0.000000
YLY,0.000000
YFJ,0.000000
RNI,0.000000
BZA,0.000000
RFS,0.000000
SIU,0.000000
WSP,0.000000
NCR,0.000000
PLD,0.000000
COZ,0.000000
NEG,0.000000
NRR,0.000000
SPB,0.000000
ARR,0.000000
JSM,0.000000
UYU,0.000000
RBQ,0.000000
ABF,0.000000
ABN,0.000000
DRJ,0.000000
MOJ,0.000000
ICK,0.000000
OEM,0.000000
SMZ,0.000000
TOT,0.000000
AGI,0.000000
ORJ,0.000000
NAI,0.000000
IMB,0.000000
KAR,0.000000
USI,0.000000
MHA,0.000000
PJC,0.000000
ACD,0.000000
RVE,0.000000
BQJ,0.000000
VGZ,0.000000
EBG,0.000000
CAQ,0.000000
COG,0.000000
TLU,0.000000
CFB,0.000000
OPS,0.000000
GRP,6422.000000
CMP,0.000000
BVS,0.000000
SFK,0.000000
PIN,0.000000
BRA,0.000000
STZ,0.000000
MQH,9630.000000
AUX,0.000000
NVP,0.000000
FRC,0.000000
DOU,0.000000
LBR,0.000000
ROO,0.000000
GPB,0.000000
JCB,4.000000
RVD,0.000000
AAX,0.000000
MBZ,0.000000
RBB,0.000000
CIZ,0.000000
BAZ,0.000000
DMT,0.000000
GNM,3208.000000
QDJ,0.000000
NZA,0.000000
LBZ,0.000000
KNP,0.000000
AMC,0.000000
GSQ,0.000000
MRB,0.000000
AWA,0.000000
JIJ,6417.000000
MKS,0.000000
DBM,0.000000
DBT,0.000000
QHR,0.000000
GOB,0.000000
MYB,0.000000
MRE,0.000000
JJM,0.000000
RBX,0.000000
CPA,0.000000
IHC,0.000000
MAX,0.000000
BDI,0.000000
WHF,0.000000
NBE,0.000000
HTY,0.000000
RVV,0.000000
FUO,0.000000
HUZ,0.000000
ILD,0.000000
BIU,0.000000
GJR,0.000000
SAK,0.000000
IIA,0.000000
ULG,0.000000
KQT,0.000000
VGD,0.000000
ONK,0.000000
SYS,0.000000
LDG,0.000000
HSK,0.000000
CQM,0.000000
NJF,0.000000
CSA,0.000000
RKH,0.000000
AGC,0.000000
VQQ,0.000000
FTY,0.000000
TII,0.000000
ZAJ,0.000000
CCN,0.000000
FUG,0.000000
LCX,0.000000
BSD,0.000000
ACX,0.000000
HZH,0.000000
OSU,0.000000
ADS,0.000000
DSI,0.000000
KHE,0.000000
SZS,0.000000
HJJ,0.000000
YQI,0.000000
ISO,0.000000
FFA,0.000000
LNJ,0.000000
CKS,6416.000000
MWK,0.000000
PGU,0.000000
YES,0.000000
OSM,0.000000
TJH,0.000000
AXJ,0.000000
KKX,0.000000
AGJ,0.000000
ULZ,0.000000
UGA,0.000000
ULO,0.000000
LBX,0.000000
TJU,0.000000
CMJ,0.000000
TAZ,0.000000
BWB,0.000000
DRB,0.000000
WGE,0.000000
BRT,0.000000
DKI,0.000000
LZR,0.000000
HLT,0.000000
HCQ,0.000000
FIZ,0.000000
RVT,0.000000
PVU,0.000000
SBS,0.000000
DTA,0.000000
PUC,0.000000
LAM,0.000000
HII,0.000000
INW,0.000000
DGL,0.000000
MZK,0.000000
AEA,0.000000
AAK,0.000000
KUC,0.000000
AIS,0.000000
TMN,0.000000
BEZ,0.000000
NIG,0.000000
BBG,0.000000
MTK,0.000000
MNK,0.000000
NON,0.000000
TSU,0.000000
WTZ,0.000000
KTF,0.000000
AFT,0.000000
RNA,0.000000
CHY,0.000000
NNB,0.000000
XYA,0.000000
BPF,0.000000
BOW,0.000000
FTI,0.000000
LVK,0.000000
RMY,0.000000
GFY,0.000000
NDU,0.000000
TRM,0.000000
SMO,0.000000
UDD,0.000000
SCF,0.000000
OLM,0.000000
RIL,0.000000
SAA,0.000000
PDK,0.000000
BMG,0.000000
SUA,0.000000
MMU,0.000000
APC,0.000000
SDM,0.000000
VNC,0.000000
PHK,0.000000
ECP,0.000000
SBD,0.000000
VAL,0.000000
CAU,0.000000
AWK,0.000000
QNV,0.000000
SQL,0.000000
RWI,0.000000
SXQ,0.000000
SEE,0.000000
PHA,0.000000
SQH,0.000000
TKF,0.000000
FRJ,0.000000
GEX,0.000000
LVM,0.000000
GMV,0.000000
JRA,0.000000
LAL,0.000000
SYH,0.000000
RBK,0.000000
FNU,0.000000
MYQ,0.000000
MGY,0.000000
FDY,0.000000
PEA,0.000000
EMP,0.000000
HYC,0.000000
BBP,0.000000
SPF,0.000000
QYD,0.000000
OLV,0.000000
KNA,0.000000
ONQ,0.000000
BJC,0.000000
SLE,0.000000
UTM,0.000000
ZKB,0.000000
LND,0.000000
MWC,0.000000
JVL,0.000000
LZU,0.000000
BWG,0.000000
RVS,0.000000
NHD,0.000000
KGO,0.000000
DBB,0.000000
BCE,0.000000
CKL,0.000000
TCZ,0.000000
UKS,0.000000
OAZ,0.000000
JCI,0.000000
ESN,0.000000
HMR,0.000000
MYV,0.000000
DUC,0.000000
UVA,0.000000
LOT,0.000000
CCR,0.000000
OCA,0.000000
YUS,0.000000
HIA,0.000000
YOO,0.000000
LHA,0.000000
NYW,0.000000
ATO,0.000000
SGH,0.000000
HEX,0.000000
CDA,0.000000
JAB,0.000000
HGS,0.000000
TOP,0.000000
MQY,0.000000
UOS,0.000000
NGQ,0.000000
CSO,0.000000
PWK,0.000000
KLS,0.000000
ZTA,0.000000
PUE,0.000000
KHC,0.000000
UKA,0.000000
ILN,0.000000
AVW,0.000000
CGZ,0.000000
BXK,0.000000
MMI,0.000000
STK,0.000000
RWL,0.000000
CDW,0.000000
AIZ,0.000000
TVI,0.000000
HSH,0.000000
GML,0.000000
TMA,0.000000
RDO,0.000000
DVT,0.000000
YRV,0.000000
FRG,0.000000
ZHY,0.000000
MCL,0.000000
PPC,0.000000
KHW,0.000000
TXG,0.000000
HLG,0.000000
XYE,0.000000
DWC,513.000000
RKP,0.000000
MVV,0.000000
MFX,0.000000
AEB,0.000000
OKF,0.000000
OKU,0.000000
KOQ,0.000000
PSH,0.000000
TTD,0.000000
HIO,0.000000
KHT,0.000000
NMT,0.000000
BNO,0.000000
PRZ,0.000000
RBL,0.000000
NOT,0.000000
LKV,0.000000
OTK,0.000000
ONO,0.000000
DLS,0.000000
GAI,0.000000
OAS,0.000000
YTA,0.000000
TSB,0.000000
YSD,0.000000
BNU,0.000000
YCC,0.000000
IZA,0.000000
MVL,0.000000
RBD,0.000000
BXY,0.000000
WST,0.000000
BID,0.000000
NME,0.000000
OOK,6416.000000
OBY,0.000000
VIN,0.000000
BGE,0.000000
ZGS,12756.000000
ZKG,0.000000
YBI,0.000000
WHP,0.000000
MAE,0.000000
YZZ,0.000000
YAB,12830.000000
GSI,0.000000
MPY,0.000000
LDX,0.000000
KJI,0.000000
CPB,0.000000
HMB,0.000000
RVY,0.000000
POJ,3208.000000
JTC,0.000000
OIA,3209.000000
RDC,6422.000000
SXX,0.000000
BYO,0.000000
SXO,3212.000000
CFC,0.000000
CAF,0.000000
ERN,0.000000
CCI,0.000000
FBE,0.000000
CFO,0.000000
AAF,0.000000
UMU,0.000000
DTI,0.000000
FBA,0.000000
OLC,0.000000
HUW,0.000000
IRZ,0.000000
ORX,0.000000
UNA,0.000000
TEF,0.000000
GZP,0.000000
OAA,0.000000
FPR,0.000000
PYM,0.000000
NCO,0.000000
OWD,0.000000
BAF,0.000000
MGJ,0.000000
HAR,0.000000
DXR,0.000000
ASH,0.000000
LWM,0.000000
OXC,0.000000
RMG,0.000000
GAD,0.000000
WDR,0.000000
DNN,0.000000
LGC,0.000000
PIM,0.000000
GVL,0.000000
PHD,0.000000
HHH,0.000000
DNL,0.000000
MRN,0.000000
PVL,0.000000
TOC,0.000000
PLV,0.000000
WUU,0.000000
HUE,0.000000
OYL,0.000000
OZG,0.000000
WYE,0.000000
GBK,0.000000
THX,0.000000
TGP,0.000000
AFW,0.000000
RMK,0.000000
LGH,0.000000
RTS,0.000000
FOS,0.000000
KEW,0.000000
YSP,0.000000
YHF,0.000000
YHN,0.000000
YKX,0.000000
YMG,0.000000
YXZ,0.000000
YEM,0.000000
LWC,0.000000
PPM,0.000000
XMC,0.000000
ULH,0.000000
YUE,0.000000
LOP,0.000000
ZMH,0.000000
HDG,0.000000
LOZ,0.000000
FBG,0.000000
WMI,2.000000
JXA,0.000000
JDG,0.000000
YGM,0.000000
EYK,0.000000
RAC,0.000000
RZP,0.000000
RKZ,0.000000
TIW,0.000000
GUF,0.000000
IBB,0.000000
HMJ,0.000000
HIW,0.000000
KYI,0.000000
HZL,0.000000
CBE,0.000000
WYN,0.000000
YBO,0.000000
KLF,0.000000
LNR,0.000000
JOT,0.000000
VYS,0.000000
JXN,0.000000
BBX,0.000000
OBE,0.000000
SEF,0.000000
AVO,0.000000
GIF,0.000000
ZPH,0.000000
OCF,0.000000
AIK,0.000000
CDN,0.000000
LBT,0.000000
SOP,0.000000
SVH,0.000000
LHV,0.000000
BKL,0.000000
DKK,0.000000
LLY,0.000000
LDJ,0.000000
ANQ,0.000000
CLW,0.000000
CGX,0.000000
CRE,0.000000
BXO,0.000000
WBW,0.000000
LNN,0.000000
UMD,0.000000
RLK,0.000000
FFT,0.000000
LEW,0.000000
MRK,0.000000
DRE,0.000000
GDW,0.000000
MFI,0.000000
ISW,0.000000
CWI,0.000000
BVY,0.000000
OSF,0.000000
YRQ,0.000000
POF,0.000000
EOK,0.000000
PSL,0.000000
STP,0.000000
SOO,0.000000
VNA,0.000000
DKS,0.000000
BYT,0.000000
ADY,0.000000
HAO,0.000000
GAS,0.000000
HOA,0.000000
KEY,0.000000
ILU,0.000000
ATJ,0.000000
OVA,0.000000
UTS,0.000000
RGK,0.000000
FLD,0.000000
STE,0.000000
MQJ,0.000000
PEF,0.000000
CJN,0.000000
GQQ,0.000000
TPN,0.000000
PTZ,0.000000
CKV,0.000000
LPC,0.000000
CTH,0.000000
BST,0.000000
LLK,0.000000
GBB,0.000000
ZTU,0.000000
LKP,0.000000
KDY,0.000000
GYG,0.000000
JIQ,0.000000
AOH,0.000000
DSO,0.000000
SSI,0.000000
BFP,0.000000
GGE,0.000000
HDI,0.000000
RNT,0.000000
POC,0.000000
CTY,0.000000
CEU,0.000000
BEC,0.000000
QFO,0.000000
SNY,0.000000
GKL,0.000000
RPB,0.000000
IFL,0.000000
JRF,0.000000
BIN,0.000000
NBS,0.000000
RGO,0.000000
MOO,0.000000
LUZ,0.000000
ECA,0.000000
VAM,0.000000
LLF,0.000000
LSZ,0.000000
ONS,0.000000
TDR,0.000000
WBU,0.000000
BBJ,0.000000
PAO,0.000000
USR,0.000000
MSC,0.000000
YTY,0.000000
PTK,0.000000
KSI,0.000000
EEN,0.000000
THQ,0.000000
VRO,0.000000
GKK,0.000000
RCS,0.000000
RHD,0.000000
KMP,0.000000
KGT,0.000000
VUS,0.000000
IOW,0.000000
TLQ,0.000000
ANP,0.000000
FXO,0.000000
ODO,0.000000
ZTR,0.000000
HRI,0.000000
PEQ,0.000000
HBG,0.000000
QCJ,0.000000
QSC,0.000000
YKN,0.000000
XSB,0.000000
ZBM,0.000000
KTI,0.000000
GYU,0.000000
CNI,0.000000
KRH,0.000000
JGD,0.000000
CCL,0.000000
HWD,0.000000
MZP,0.000000
JHQ,0.000000
ARB,0.000000
SHT,0.000000
TEM,0.000000
GAH,0.000000
WIO,0.000000
BFJ,0.000000
ULK,0.000000
KVR,0.000000
IGD,0.000000
GNY,0.000000
KZR,0.000000
VLU,0.000000
BEO,0.000000
BMP,0.000000
NGZ,0.000000
YCN,0.000000
BJP,0.000000
BQB,0.000000
SEK,0.000000
IVR,0.000000
GLI,0.000000
IMM,0.000000
TQQ,0.000000
YIC,0.000000
PTB,0.000000
SBM,0.000000
KFE,0.000000
BJU,0.000000
MZJ,0.000000
SAD,0.000000
SLJ,0.000000
KJP,0.000000
EKB,0.000000
SIK,0.000000
TTI,0.000000
GFL,0.000000
MTN,0.000000
FRY,0.000000
NEW,0.000000
COE,0.000000
BMT,0.000000
DNV,0.000000
COJ,0.000000
TIX,0.000000
BZH,0.000000
UAR,0.000000
NYE,0.000000
AAP,0.000000
FCM,0.000000
LIX,0.000000
OJC,0.000000
GIU,12832.000000
EUM,0.000000
TKT,0.000000
YLK,0.000000
YCM,0.000000
YPD,0.000000
MNZ,0.000000
LJN,0.000000
BGG,0.000000
KFS,0.000000
LLV,0.000000
DCY,0.000000
GXH,0.000000
CIY,0.000000
KVM,0.000000
ZKP,0.000000
UMS,0.000000
ADH,0.000000
OLZ,0.000000
NLT,0.000000
PTA,0.000000
BOR,0.000000
OBC,0.000000
TDJ,0.000000
AQB,0.000000
NOR,0.000000
BTZ,0.000000
WAR,0.000000
EWK,0.000000
BSJ,0.000000
TZR,0.000000
FBR,0.000000
CLS,0.000000
EVW,0.000000
EUF,0.000000
MEO,0.000000
AUO,0.000000
DBN,0.000000
PUK,0.000000
CVO,0.000000
PXH,0.000000
CWT,0.000000
OGD,0.000000
AKO,0.000000
SHN,0.000000
WNA,3209.000000
PKA,3208.000000
YBW,0.000000
WSO,0.000000
WKR,0.000000
GFO,0.000000
DYL,0.000000
TGI,0.000000
TJL,0.000000
YZY,0.000000
OAL,0.000000
OCW,0.000000
MHC,0.000000
SWO,0.000000
OKM,0.000000
CUH,0.000000
CSM,0.000000
WLD,0.000000
PWA,0.000000
DTN,0.000000
SEP,0.000000
ADT,0.000000
IRB,0.000000
YEL,0.000000
IKB,0.000000
DAN,0.000000
ERG,0.000000
HCW,0.000000
BEM,0.000000
NKT,0.000000
SUY,0.000000
OUZ,0.000000
ABB,0.000000
QUO,0.000000
KAA,0.000000
SGX,0.000000
JUH,0.000000
AOG,0.000000
DQA,0.000000
ZYI,0.000000
LDS,0.000000
AVA,0.000000
KSS,0.000000
WTB,0.000000
TNH,0.000000
SZV,0.000000
LII,0.000000
NTI,0.000000
WSR,0.000000
DTB,0.000000
MEQ,0.000000
BUW,0.000000
KAZ,0.000000
MNA,0.000000
SGQ,0.000000
BUU,0.000000
ILA,0.000000
OKL,0.000000
KOX,0.000000
CMQ,0.000000
WMB,0.000000
RCM,0.000000
DCN,0.000000
KNO,0.000000
AMN,0.000000
HMY,0.000000
EMT,0.000000
FAH,0.000000
IXT,0.000000
KRQ,0.000000
QKX,0.000000
SSF,0.000000
JAS,0.000000
MRF,0.000000
ALE,0.000000
BQE,0.000000
CZA,0.000000
BUY,0.000000
CCB,0.000000
EKI,0.000000
CUB,0.000000
GDC,0.000000
HVS,0.000000
SZT,0.000000
DU9,0.000000
RIH,0.000000
LEE,0.000000
PPY,0.000000
DIQ,0.000000
EIK,0.000000
ERD,0.000000
BWX,0.000000
ERL,0.000000
CNO,0.000000
HTR,0.000000
BWW,0.000000
PRB,0.000000
PKX,0.000000
HAF,0.000000
HCJ,0.000000
WJF,0.000000
CJF,0.000000
GUZ,0.000000
UBT,0.000000
BOX,0.000000
QUG,0.000000
TNW,3208.000000
FYJ,0.000000
PZL,0.000000
LPF,0.000000
KJH,0.000000
HPG,0.000000
ZQZ,0.000000
YIE,0.000000
HNY,0.000000
AHJ,0.000000
WOS,0.000000
IGT,0.000000
ASN,0.000000
GMU,0.000000
NGD,0.000000
TOI,0.000000
ETS,0.000000
EFG,0.000000
KGW,0.000000
NDN,0.000000
BNM,0.000000
ALX,0.000000
PKT,0.000000
GPN,0.000000
DOH,104335.000000
HZP,0.000000
HDE,0.000000
PTT,0.000000
LXN,0.000000
CBF,0.000000
OKK,0.000000
GBG,0.000000
GUY,0.000000
IDP,0.000000
BBC,0.000000
PRX,0.000000
CFV,0.000000
GXY,0.000000
OEL,0.000000
FET,0.000000
LGD,0.000000
SZY,0.000000
MPO,0.000000
UKT,0.000000
YBA,0.000000
BNG,0.000000
OFK,0.000000
TFL,0.000000
TPF,0.000000
BZC,0.000000
ITP,0.000000
REZ,0.000000
KBN,0.000000
IKL,0.000000
AIR,0.000000
JRN,0.000000
JIA,0.000000
VLP,0.000000
JUA,0.000000
CCX,0.000000
TGQ,0.000000
CQA,0.000000
MTG,0.000000
BMB,0.000000
APQ,0.000000
FLB,0.000000
PCS,0.000000
BNC,6417.000000
BNB,0.000000
MTP,0.000000
VPZ,0.000000
DRV,0.000000
SXK,0.000000
MLZ,0.000000
PDU,0.000000
ATI,0.000000
HSM,0.000000
SWH,0.000000
TTL,0.000000
KWB,0.000000
KOO,3211.000000
AOU,0.000000
SQX,0.000000
LDM,0.000000
RHV,0.000000
OHS,0.000000
KCF,0.000000
RZS,0.000000
TMF,0.000000
IFU,0.000000
KZF,0.000000
OGU,0.000000
YKO,0.000000
BUT,0.000000
TLI,0.000000
TQL,0.000000
JIC,6.000000
BPL,0.000000
FYN,0.000000
ACS,0.000000
LFQ,0.000000
YJP,0.000000
WVI,0.000000
GLU,0.000000
HLI,0.000000
DLK,0.000000
YBS,0.000000
RIZ,0.000000
SQJ,0.000000
XTO,0.000000
YSE,0.000000
YAH,0.000000
YAL,0.000000
YCE,0.000000
YCQ,0.000000
XRR,0.000000
YDO,0.000000
YEY,0.000000
YHE,0.000000
YHT,0.000000
YDG,0.000000
YJF,0.000000
YKJ,0.000000
YLR,0.000000
YME,0.000000
YML,0.000000
YOS,0.000000
YPS,0.000000
YQS,0.000000
YRO,0.000000
YSH,0.000000
YSL,0.000000
YVE,0.000000
YXQ,0.000000
YSN,0.000000
KES,0.000000
XPK,0.000000
ZGF,0.000000
ZJG,0.000000
YTD,0.000000
PIW,0.000000
XPP,0.000000
WPC,0.000000
ZST,0.000000
ZUC,0.000000
FNB,0.000000
FSS,0.000000
BXP,0.000000
DGP,0.000000
LMR,0.000000
SXN,0.000000
NDD,0.000000
MAI,0.000000
ADI,0.000000
MWE,0.000000
ALN,0.000000
AXN,0.000000
CLU,0.000000
BBD,0.000000
BIH,0.000000
BKE,0.000000
BPI,0.000000
WMH,0.000000
BTL,0.000000
BYI,0.000000
CCY,0.000000
CNU,0.000000
CRG,0.000000
CSV,0.000000
DAA,0.000000
DAG,0.000000
DMN,0.000000
DRA,0.000000
EED,0.000000
EGI,0.000000
EKA,0.000000
HYR,0.000000
JCT,0.000000
LOL,0.000000
MBG,0.000000
MCB,0.000000
MDH,0.000000
MMT,0.000000
NHZ,0.000000
NRB,0.000000
OGB,0.000000
OTM,0.000000
OZR,0.000000
PWY,0.000000
POU,0.000000
RSL,0.000000
RWF,0.000000
SNS,0.000000
TPH,0.000000
UKI,0.000000
UOX,0.000000
HTV,0.000000
VTN,0.000000
WMC,0.000000
WWR,0.000000
ZZV,0.000000
ECV,0.000000
CDT,0.000000
TEV,0.000000
QLP,0.000000
BJY,0.000000
RUV,0.000000
XPL,0.000000
UPL,0.000000
QSN,0.000000
SNJ,0.000000
DWD,0.000000
KMX,0.000000
XXN,0.000000
KNR,0.000000
PYK,0.000000
XIJ,0.000000
ATG,0.000000
SGI,0.000000
RQW,0.000000
ENN,0.000000
WWA,0.000000
IWK,0.000000
IEJ,0.000000
AAV,0.000000
BPH,0.000000
MXI,0.000000
BAT,0.000000
QHP,0.000000
TOQ,0.000000
CNR,0.000000
TLX,0.000000
ZIC,0.000000
TTC,0.000000
API,0.000000
CVE,0.000000
PAL,0.000000
PZA,0.000000
TQS,0.000000
RIJ,0.000000
JAE,0.000000
IKU,0.000000
VYI,0.000000
BGN,0.000000
GVN,0.000000
NLI,0.000000
VLK,0.000000
INA,0.000000
ZIX,0.000000
RTC,0.000000
HIM,0.000000
RDP,0.000000
PUT,0.000000
LNX,0.000000
ABH,0.000000
ARY,0.000000
BLN,0.000000
BZD,0.000000
BWQ,0.000000
CVC,0.000000
CWW,0.000000
CYG,0.000000
CMD,0.000000
DRN,0.000000
DNQ,0.000000
DYA,0.000000
ECH,0.000000
FRB,0.000000
GUH,0.000000
HXX,0.000000
HTU,0.000000
KRA,0.000000
KPS,0.000000
KGY,0.000000
TGN,0.000000
MRG,0.000000
RPM,0.000000
QRM,0.000000
PPI,0.000000
SIO,0.000000
SNB,0.000000
SWC,0.000000
TYB,0.000000
TUM,0.000000
WGT,0.000000
WKB,0.000000
QRR,0.000000
SXE,0.000000
WWY,0.000000
NGA,0.000000
LHK,0.000000
WDS,0.000000
HTT,0.000000
UUN,0.000000
BFU,0.000000
RUG,0.000000
WHU,0.000000
SXJ,0.000000
YKH,0.000000
BQG,0.000000
HYD,19938.000000
PKO,0.000000
KDC,0.000000
HMG,0.000000
BIB,0.000000
KCS,0.000000
BMR,0.000000
MVW,0.000000
GOO,0.000000
APT,0.000000
DCU,0.000000
GLW,0.000000
DKV,0.000000
RNZ,0.000000
SBT,0.000000
AXF,0.000000
NIS,0.000000
BUL,0.000000
TBR,0.000000
AMT,0.000000
EDD,0.000000
FIK,0.000000
JJG,0.000000
WKI,0.000000
KLJ,0.000000
ETB,0.000000
GLR,0.000000
AID,0.000000
QND,0.000000
GUU,0.000000
PCD,0.000000
OTJ,0.000000
TSM,0.000000
RTN,0.000000
PPA,0.000000
FLP,0.000000
BGD,0.000000
HLE,0.000000
BNJ,0.000000
NGK,0.000000
SQA,0.000000
HXD,0.000000
BAR,0.000000
ZBO,0.000000
UCB,0.000000
KEO,0.000000
GII,0.000000
NZE,0.000000
OCM,0.000000
WGN,0.000000
TXF,0.000000
SPA,0.000000
BJW,0.000000
NBN,0.000000
OLL,0.000000
PPF,0.000000
PCQ,0.000000
AYS,0.000000
DSS,0.000000
PMH,0.000000
NAC,0.000000
PGZ,0.000000
PQM,0.000000
CUD,0.000000
CLP,0.000000
JOJ,0.000000
ECI,0.000000
QGQ,0.000000
QPW,0.000000
QJE,0.000000
XIQ,0.000000
QQT,0.000000
QJI,0.000000
QFG,0.000000
QRY,0.000000
NPR,0.000000
SMT,0.000000
ENO,0.000000
UZR,0.000000
NYR,0.000000
SUK,0.000000
UKG,0.000000
VHV,0.000000
DEE,0.000000
EKS,0.000000
TLK,0.000000
RDB,0.000000
ION,0.000000
EBH,0.000000
ZIS,0.000000
MYZ,0.000000
BCU,0.000000
GMO,0.000000
KDA,0.000000
SHO,0.000000
KIY,0.000000
QSI,0.000000
MNS,0.000000
GZI,0.000000
DBC,0.000000
LNL,0.000000
SQD,0.000000
YSQ,0.000000
JSJ,0.000000
WMT,0.000000
LLB,0.000000
CDE,0.000000
DTU,0.000000
EJN,0.000000
RHT,0.000000
HUO,0.000000
GMQ,0.000000
QSZ,0.000000
TEI,0.000000
CWJ,0.000000
JMJ,0.000000
NLH,0.000000
PBQ,0.000000
WUT,0.000000
NZL,0.000000
AIP,0.000000
VDY,0.000000
SAG,0.000000
PYB,0.000000
SUP,0.000000
RKO,0.000000
PPR,0.000000
TJB,0.000000
KRC,0.000000
NRE,0.000000
NAM,0.000000
DOB,0.000000
SQN,0.000000
AYW,0.000000
BYQ,0.000000
UOL,0.000000
RAQ,0.000000
JSK,0.000000
ZBY,0.000000
BGL,0.000000
RJB,0.000000
DQM,0.000000
CKI,0.000000
BYP,0.000000
LUC,0.000000
YAS,0.000000
WIK,0.000000
DEX,0.000000
NAU,0.000000
FAC,0.000000
NUK,0.000000
VHZ,0.000000
HHZ,0.000000
RRR,0.000000
KHZ,0.000000
TKV,0.000000
TDS,0.000000
TMH,0.000000
NKB,0.000000
AEI,0.000000
KSE,0.000000
NCJ,0.000000
IST,333864.000000
SOV,0.000000
YSG,0.000000
DWA,0.000000
HGI,0.000000
KQH,0.000000
CNN,0.000000
ZCO,0.000000
ASS,0.000000
VDI,0.000000
ISB,27804.000000
MHE,0.000000
GIT,0.000000
GID,0.000000
RMU,0.000000
CQS,0.000000
ZXT,0.000000
JAM,0.000000
YUA,0.000000
XEN,0.000000
GEC,0.000000
MBI,0.000000
UGU,0.000000
ETM,0.000000
MNH,0.000000
CGY,0.000000
CPO,0.000000
